id,date,precio_bolsa_tx1
1,"2013-10-01 00:00:00",146.93
2,"2013-10-02 00:00:00",147.73
3,"2013-10-03 00:00:00",170.11
4,"2013-10-04 00:00:00",155.7
5,"2013-10-05 00:00:00",153.19
6,"2013-10-06 00:00:00",122.29
7,"2013-10-07 00:00:00",171.57
8,"2013-10-08 00:00:00",166.27
9,"2013-10-09 00:00:00",181.93
10,"2013-10-10 00:00:00",161.78
11,"2013-10-11 00:00:00",163.03
12,"2013-10-12 00:00:00",167.3
13,"2013-10-13 00:00:00",172.72
14,"2013-10-14 00:00:00",179.42
15,"2013-10-15 00:00:00",176.27
16,"2013-10-16 00:00:00",193.99
17,"2013-10-17 00:00:00",190.17
18,"2013-10-18 00:00:00",183.66
19,"2013-10-19 00:00:00",184.28
20,"2013-10-20 00:00:00",199.75
21,"2013-10-21 00:00:00",201.37
22,"2013-10-22 00:00:00",258.6
23,"2013-10-23 00:00:00",262.97
24,"2013-10-24 00:00:00",265.95
25,"2013-10-25 00:00:00",268.66
26,"2013-10-26 00:00:00",274.63
27,"2013-10-27 00:00:00",260.13
28,"2013-10-28 00:00:00",291.34
29,"2013-10-29 00:00:00",309.06
30,"2013-10-30 00:00:00",383.17
31,"2013-10-31 00:00:00",382.05
32,"2013-11-01 00:00:00",418.13
33,"2013-11-02 00:00:00",348.36
34,"2013-11-03 00:00:00",275.61
35,"2013-11-04 00:00:00",392
36,"2013-11-05 00:00:00",329.15
37,"2013-11-06 00:00:00",286.53
38,"2013-11-07 00:00:00",225.2
39,"2013-11-08 00:00:00",191.5
40,"2013-11-09 00:00:00",165.33
41,"2013-11-10 00:00:00",154.08
42,"2013-11-11 00:00:00",177.96
43,"2013-11-12 00:00:00",189.85
44,"2013-11-13 00:00:00",181.68
45,"2013-11-14 00:00:00",166.88
46,"2013-11-15 00:00:00",161.08
47,"2013-11-16 00:00:00",152.82
48,"2013-11-17 00:00:00",164.88
49,"2013-11-18 00:00:00",165.26
50,"2013-11-19 00:00:00",173.39
51,"2013-11-20 00:00:00",171.48
52,"2013-11-21 00:00:00",176.58
53,"2013-11-22 00:00:00",172.17
54,"2013-11-23 00:00:00",164.52
55,"2013-11-24 00:00:00",167.19
56,"2013-11-25 00:00:00",168.55
57,"2013-11-26 00:00:00",170.05
58,"2013-11-27 00:00:00",151.19
59,"2013-11-28 00:00:00",173.31
60,"2013-11-29 00:00:00",174.66
61,"2013-11-30 00:00:00",228.7
62,"2013-12-01 00:00:00",182.62
63,"2013-12-02 00:00:00",206.79
64,"2013-12-03 00:00:00",170.46
65,"2013-12-04 00:00:00",167.05
66,"2013-12-05 00:00:00",151.17
67,"2013-12-06 00:00:00",158
68,"2013-12-07 00:00:00",177.44
69,"2013-12-08 00:00:00",174.29
70,"2013-12-09 00:00:00",188.24
71,"2013-12-10 00:00:00",180.8
72,"2013-12-11 00:00:00",176.62
73,"2013-12-12 00:00:00",167.74
74,"2013-12-13 00:00:00",153.61
75,"2013-12-14 00:00:00",171.43
76,"2013-12-15 00:00:00",177.2
77,"2013-12-16 00:00:00",178.57
78,"2013-12-17 00:00:00",185.61
79,"2013-12-18 00:00:00",191.53
80,"2013-12-19 00:00:00",171.73
81,"2013-12-20 00:00:00",163.35
82,"2013-12-21 00:00:00",161.38
83,"2013-12-22 00:00:00",165.19
84,"2013-12-23 00:00:00",157.84
85,"2013-12-24 00:00:00",151.36
86,"2013-12-25 00:00:00",102.33
87,"2013-12-26 00:00:00",109.36
88,"2013-12-27 00:00:00",101.33
89,"2013-12-28 00:00:00",107.97
90,"2013-12-29 00:00:00",149.88
91,"2013-12-30 00:00:00",163.98
92,"2013-12-31 00:00:00",173.81
93,"2014-01-01 00:00:00",145.53
94,"2014-01-02 00:00:00",145.84
95,"2014-01-03 00:00:00",162.35
96,"2014-01-04 00:00:00",155.2
97,"2014-01-05 00:00:00",167.34
98,"2014-01-06 00:00:00",183.87
99,"2014-01-07 00:00:00",168.6
100,"2014-01-08 00:00:00",161.62
101,"2014-01-09 00:00:00",158.35
102,"2014-01-10 00:00:00",157.93
103,"2014-01-11 00:00:00",136.48
104,"2014-01-12 00:00:00",109.33
105,"2014-01-13 00:00:00",153.43
106,"2014-01-14 00:00:00",147.62
107,"2014-01-15 00:00:00",147.32
108,"2014-01-16 00:00:00",146.78
109,"2014-01-17 00:00:00",150.26
110,"2014-01-18 00:00:00",156.67
111,"2014-01-19 00:00:00",156.27
112,"2014-01-20 00:00:00",163.88
113,"2014-01-21 00:00:00",155.03
114,"2014-01-22 00:00:00",156.37
115,"2014-01-23 00:00:00",160.29
116,"2014-01-24 00:00:00",156.94
117,"2014-01-25 00:00:00",152.84
118,"2014-01-26 00:00:00",163.25
119,"2014-01-27 00:00:00",163.88
120,"2014-01-28 00:00:00",166.94
121,"2014-01-29 00:00:00",176.47
122,"2014-01-30 00:00:00",172.8
123,"2014-01-31 00:00:00",186.71
124,"2014-02-01 00:00:00",177.43
125,"2014-02-02 00:00:00",189.69
126,"2014-02-03 00:00:00",190.33
127,"2014-02-04 00:00:00",192.56
128,"2014-02-05 00:00:00",209.4
129,"2014-02-06 00:00:00",206.9
130,"2014-02-07 00:00:00",201.2
131,"2014-02-08 00:00:00",198.39
132,"2014-02-09 00:00:00",188.92
133,"2014-02-10 00:00:00",188.65
134,"2014-02-11 00:00:00",210.77
135,"2014-02-12 00:00:00",187.11
136,"2014-02-13 00:00:00",184.57
137,"2014-02-14 00:00:00",184.59
138,"2014-02-15 00:00:00",200.18
139,"2014-02-16 00:00:00",197.34
140,"2014-02-17 00:00:00",191.93
141,"2014-02-18 00:00:00",187.65
142,"2014-02-19 00:00:00",185.13
143,"2014-02-20 00:00:00",188.46
144,"2014-02-21 00:00:00",169.92
145,"2014-02-22 00:00:00",180.41
146,"2014-02-23 00:00:00",166.33
147,"2014-02-24 00:00:00",163.81
148,"2014-02-25 00:00:00",166.33
149,"2014-02-26 00:00:00",167.21
150,"2014-02-27 00:00:00",165.57
151,"2014-02-28 00:00:00",154.84
152,"2014-03-01 00:00:00",149.57
153,"2014-03-02 00:00:00",144.45
154,"2014-03-03 00:00:00",165.94
155,"2014-03-04 00:00:00",163.03
156,"2014-03-05 00:00:00",159.44
157,"2014-03-06 00:00:00",154.67
158,"2014-03-07 00:00:00",145.06
159,"2014-03-08 00:00:00",142.57
160,"2014-03-09 00:00:00",134.61
161,"2014-03-10 00:00:00",135.32
162,"2014-03-11 00:00:00",161.66
163,"2014-03-12 00:00:00",152.26
164,"2014-03-13 00:00:00",142.61
165,"2014-03-14 00:00:00",141.41
166,"2014-03-15 00:00:00",148.54
167,"2014-03-16 00:00:00",127.95
168,"2014-03-17 00:00:00",147.45
169,"2014-03-18 00:00:00",139.07
170,"2014-03-19 00:00:00",141.15
171,"2014-03-20 00:00:00",133.85
172,"2014-03-21 00:00:00",159.5
173,"2014-03-22 00:00:00",170.11
174,"2014-03-23 00:00:00",179.76
175,"2014-03-24 00:00:00",165.53
176,"2014-03-25 00:00:00",155.6
177,"2014-03-26 00:00:00",177.14
178,"2014-03-27 00:00:00",155.21
179,"2014-03-28 00:00:00",157.01
180,"2014-03-29 00:00:00",139.27
181,"2014-03-30 00:00:00",140.72
182,"2014-03-31 00:00:00",145.37
183,"2014-04-01 00:00:00",151.69
184,"2014-04-02 00:00:00",177.7
185,"2014-04-03 00:00:00",215.3
186,"2014-04-04 00:00:00",283.27
187,"2014-04-05 00:00:00",240.59
188,"2014-04-06 00:00:00",216.89
189,"2014-04-07 00:00:00",317.74
190,"2014-04-08 00:00:00",317.61
191,"2014-04-09 00:00:00",337.61
192,"2014-04-10 00:00:00",362.46
193,"2014-04-11 00:00:00",333.64
194,"2014-04-12 00:00:00",322.36
195,"2014-04-13 00:00:00",334.13
196,"2014-04-14 00:00:00",354.13
197,"2014-04-15 00:00:00",400.31
198,"2014-04-16 00:00:00",424.52
199,"2014-04-17 00:00:00",458.68
200,"2014-04-18 00:00:00",450.11
201,"2014-04-19 00:00:00",431.71
202,"2014-04-20 00:00:00",426.67
203,"2014-04-21 00:00:00",466.3
204,"2014-04-22 00:00:00",468.26
205,"2014-04-23 00:00:00",450.38
206,"2014-04-24 00:00:00",470.67
207,"2014-04-25 00:00:00",478.09
208,"2014-04-26 00:00:00",474.12
209,"2014-04-27 00:00:00",458.95
210,"2014-04-28 00:00:00",445.21
211,"2014-04-29 00:00:00",456.7
212,"2014-04-30 00:00:00",460.46
213,"2014-05-01 00:00:00",411.25
214,"2014-05-02 00:00:00",444.98
215,"2014-05-03 00:00:00",423.85
216,"2014-05-04 00:00:00",421.12
217,"2014-05-05 00:00:00",390.94
218,"2014-05-06 00:00:00",434.25
219,"2014-05-07 00:00:00",410.38
220,"2014-05-08 00:00:00",420.49
221,"2014-05-09 00:00:00",415.1
222,"2014-05-10 00:00:00",451.61
223,"2014-05-11 00:00:00",357.01
224,"2014-05-12 00:00:00",408.85
225,"2014-05-13 00:00:00",328.07
226,"2014-05-14 00:00:00",310.43
227,"2014-05-15 00:00:00",284.53
228,"2014-05-16 00:00:00",340.53
229,"2014-05-17 00:00:00",277.03
230,"2014-05-18 00:00:00",258.82
231,"2014-05-19 00:00:00",327.3
232,"2014-05-20 00:00:00",327.21
233,"2014-05-21 00:00:00",353.83
234,"2014-05-22 00:00:00",369.58
235,"2014-05-23 00:00:00",375.85
236,"2014-05-24 00:00:00",376.27
237,"2014-05-25 00:00:00",382.23
238,"2014-05-26 00:00:00",386.7
239,"2014-05-27 00:00:00",378.94
240,"2014-05-28 00:00:00",404.14
241,"2014-05-29 00:00:00",445.4
242,"2014-05-30 00:00:00",463.64
243,"2014-05-31 00:00:00",453.53
244,"2014-06-01 00:00:00",419.81
245,"2014-06-02 00:00:00",370.33
246,"2014-06-03 00:00:00",417.57
247,"2014-06-04 00:00:00",437.09
248,"2014-06-05 00:00:00",436.91
249,"2014-06-06 00:00:00",473.11
250,"2014-06-07 00:00:00",473
251,"2014-06-08 00:00:00",466.5
252,"2014-06-09 00:00:00",385.17
253,"2014-06-10 00:00:00",364.47
254,"2014-06-11 00:00:00",426.78
255,"2014-06-12 00:00:00",416.27
256,"2014-06-13 00:00:00",396.27
257,"2014-06-14 00:00:00",390.56
258,"2014-06-15 00:00:00",303.61
259,"2014-06-16 00:00:00",326.72
260,"2014-06-17 00:00:00",293.23
261,"2014-06-18 00:00:00",332.85
262,"2014-06-19 00:00:00",361.84
263,"2014-06-20 00:00:00",371.13
264,"2014-06-21 00:00:00",322.18
265,"2014-06-22 00:00:00",219.81
266,"2014-06-23 00:00:00",221.44
267,"2014-06-24 00:00:00",355.35
268,"2014-06-25 00:00:00",308.73
269,"2014-06-26 00:00:00",246.92
270,"2014-06-27 00:00:00",125.31
271,"2014-06-28 00:00:00",130.72
272,"2014-06-29 00:00:00",129.28
273,"2014-06-30 00:00:00",127.32
274,"2014-07-01 00:00:00",188.68
275,"2014-07-02 00:00:00",151.98
276,"2014-07-03 00:00:00",191.19
277,"2014-07-04 00:00:00",159.86
278,"2014-07-05 00:00:00",146.66
279,"2014-07-06 00:00:00",149.75
280,"2014-07-07 00:00:00",197.13
281,"2014-07-08 00:00:00",273.28
282,"2014-07-09 00:00:00",165.68
283,"2014-07-10 00:00:00",158.47
284,"2014-07-11 00:00:00",149.68
285,"2014-07-12 00:00:00",174.81
286,"2014-07-13 00:00:00",154.83
287,"2014-07-14 00:00:00",144.17
288,"2014-07-15 00:00:00",147.24
289,"2014-07-16 00:00:00",137.22
290,"2014-07-17 00:00:00",126.25
291,"2014-07-18 00:00:00",130.64
292,"2014-07-19 00:00:00",166.55
293,"2014-07-20 00:00:00",137.68
294,"2014-07-21 00:00:00",158.45
295,"2014-07-22 00:00:00",175.5
296,"2014-07-23 00:00:00",186.57
297,"2014-07-24 00:00:00",175.69
298,"2014-07-25 00:00:00",179.77
299,"2014-07-26 00:00:00",167.15
300,"2014-07-27 00:00:00",161.27
301,"2014-07-28 00:00:00",266.68
302,"2014-07-29 00:00:00",322.32
303,"2014-07-30 00:00:00",353.16
304,"2014-07-31 00:00:00",369.16
305,"2014-08-01 00:00:00",362.95
306,"2014-08-02 00:00:00",339.67
307,"2014-08-03 00:00:00",184.12
308,"2014-08-04 00:00:00",282.43
309,"2014-08-05 00:00:00",285.66
310,"2014-08-06 00:00:00",306.14
311,"2014-08-07 00:00:00",256.37
312,"2014-08-08 00:00:00",189.48
313,"2014-08-09 00:00:00",158.02
314,"2014-08-10 00:00:00",147.51
315,"2014-08-11 00:00:00",175.7
316,"2014-08-12 00:00:00",165.37
317,"2014-08-13 00:00:00",149.76
318,"2014-08-14 00:00:00",156.35
319,"2014-08-15 00:00:00",181.37
320,"2014-08-16 00:00:00",170.14
321,"2014-08-17 00:00:00",145.19
322,"2014-08-18 00:00:00",152.61
323,"2014-08-19 00:00:00",193.38
324,"2014-08-20 00:00:00",185.46
325,"2014-08-21 00:00:00",185.42
326,"2014-08-22 00:00:00",171.23
327,"2014-08-23 00:00:00",156.8
328,"2014-08-24 00:00:00",159.12
329,"2014-08-25 00:00:00",167.92
330,"2014-08-26 00:00:00",170.98
331,"2014-08-27 00:00:00",260.63
332,"2014-08-28 00:00:00",227.24
333,"2014-08-29 00:00:00",176.14
334,"2014-08-30 00:00:00",153.82
335,"2014-08-31 00:00:00",151.14
336,"2014-09-01 00:00:00",195.36
337,"2014-09-02 00:00:00",210.15
338,"2014-09-03 00:00:00",275.93
339,"2014-09-04 00:00:00",239.43
340,"2014-09-05 00:00:00",212.95
341,"2014-09-06 00:00:00",183.42
342,"2014-09-07 00:00:00",175.12
343,"2014-09-08 00:00:00",180.84
344,"2014-09-09 00:00:00",184.24
345,"2014-09-10 00:00:00",194.38
346,"2014-09-11 00:00:00",171.69
347,"2014-09-12 00:00:00",164.79
348,"2014-09-13 00:00:00",160.95
349,"2014-09-14 00:00:00",147.8
350,"2014-09-15 00:00:00",165.91
351,"2014-09-16 00:00:00",139.99
352,"2014-09-17 00:00:00",152.23
353,"2014-09-18 00:00:00",152.4
354,"2014-09-19 00:00:00",141.92
355,"2014-09-20 00:00:00",137.14
356,"2014-09-21 00:00:00",130.44
357,"2014-09-22 00:00:00",136.13
358,"2014-09-23 00:00:00",129.74
359,"2014-09-24 00:00:00",140.26
360,"2014-09-25 00:00:00",163.7
361,"2014-09-26 00:00:00",190.88
362,"2014-09-27 00:00:00",198.77
363,"2014-09-28 00:00:00",198.6
364,"2014-09-29 00:00:00",192.51
365,"2014-09-30 00:00:00",215.62
366,"2014-10-01 00:00:00",225.35
367,"2014-10-02 00:00:00",246.53
368,"2014-10-03 00:00:00",266.8
369,"2014-10-04 00:00:00",307.3
370,"2014-10-05 00:00:00",294.74
371,"2014-10-06 00:00:00",329.97
372,"2014-10-07 00:00:00",289.04
373,"2014-10-08 00:00:00",238.1
374,"2014-10-09 00:00:00",187.46
375,"2014-10-10 00:00:00",173.73
376,"2014-10-11 00:00:00",161.49
377,"2014-10-12 00:00:00",136.74
378,"2014-10-13 00:00:00",183.19
379,"2014-10-14 00:00:00",181.59
380,"2014-10-15 00:00:00",169.01
381,"2014-10-16 00:00:00",200.12
382,"2014-10-17 00:00:00",210.79
383,"2014-10-18 00:00:00",201.04
384,"2014-10-19 00:00:00",186.69
385,"2014-10-20 00:00:00",197.51
386,"2014-10-21 00:00:00",181.37
387,"2014-10-22 00:00:00",177.07
388,"2014-10-23 00:00:00",178.31
389,"2014-10-24 00:00:00",180.84
390,"2014-10-25 00:00:00",174.35
391,"2014-10-26 00:00:00",173.89
392,"2014-10-27 00:00:00",177.8
393,"2014-10-28 00:00:00",174.4
394,"2014-10-29 00:00:00",190.64
395,"2014-10-30 00:00:00",200.4
396,"2014-10-31 00:00:00",179.74
397,"2014-11-01 00:00:00",192.49
398,"2014-11-02 00:00:00",165.05
399,"2014-11-03 00:00:00",171.62
400,"2014-11-04 00:00:00",173.69
401,"2014-11-05 00:00:00",180.9
402,"2014-11-06 00:00:00",177.86
403,"2014-11-07 00:00:00",178.75
404,"2014-11-08 00:00:00",177.03
405,"2014-11-09 00:00:00",171.06
406,"2014-11-10 00:00:00",161.96
407,"2014-11-11 00:00:00",176.44
408,"2014-11-12 00:00:00",153.18
409,"2014-11-13 00:00:00",177.07
410,"2014-11-14 00:00:00",155.66
411,"2014-11-15 00:00:00",154.56
412,"2014-11-16 00:00:00",121.71
413,"2014-11-17 00:00:00",159.93
414,"2014-11-18 00:00:00",163.18
415,"2014-11-19 00:00:00",170.25
416,"2014-11-20 00:00:00",159.76
417,"2014-11-21 00:00:00",165.28
418,"2014-11-22 00:00:00",160.21
419,"2014-11-23 00:00:00",160.89
420,"2014-11-24 00:00:00",162.37
421,"2014-11-25 00:00:00",165.24
422,"2014-11-26 00:00:00",155.36
423,"2014-11-27 00:00:00",156.52
424,"2014-11-28 00:00:00",152.55
425,"2014-11-29 00:00:00",153.27
426,"2014-11-30 00:00:00",153.07
427,"2014-12-01 00:00:00",169.86
428,"2014-12-02 00:00:00",187.11
429,"2014-12-03 00:00:00",192.48
430,"2014-12-04 00:00:00",197.67
431,"2014-12-05 00:00:00",218.07
432,"2014-12-06 00:00:00",219.91
433,"2014-12-07 00:00:00",202.73
434,"2014-12-08 00:00:00",206.16
435,"2014-12-09 00:00:00",196.56
436,"2014-12-10 00:00:00",205.73
437,"2014-12-11 00:00:00",178.67
438,"2014-12-12 00:00:00",178.6
439,"2014-12-13 00:00:00",186.44
440,"2014-12-14 00:00:00",162.57
441,"2014-12-15 00:00:00",174.3
442,"2014-12-16 00:00:00",164.83
443,"2014-12-17 00:00:00",166.35
444,"2014-12-18 00:00:00",159.98
445,"2014-12-19 00:00:00",151.91
446,"2014-12-20 00:00:00",106.74
447,"2014-12-21 00:00:00",184.15
448,"2014-12-22 00:00:00",193.75
449,"2014-12-23 00:00:00",161.47
450,"2014-12-24 00:00:00",157.97
451,"2014-12-25 00:00:00",139.19
452,"2014-12-26 00:00:00",138.51
453,"2014-12-27 00:00:00",146.46
454,"2014-12-28 00:00:00",153.99
455,"2014-12-29 00:00:00",165.43
456,"2014-12-30 00:00:00",153.18
457,"2014-12-31 00:00:00",152.86
458,"2015-01-01 00:00:00",176.69
459,"2015-01-02 00:00:00",178.93
460,"2015-01-03 00:00:00",201.29
461,"2015-01-04 00:00:00",236
462,"2015-01-05 00:00:00",207.87
463,"2015-01-06 00:00:00",211.1
464,"2015-01-07 00:00:00",228.17
465,"2015-01-08 00:00:00",226.69
466,"2015-01-09 00:00:00",197.39
467,"2015-01-10 00:00:00",202.2
468,"2015-01-11 00:00:00",199.84
469,"2015-01-12 00:00:00",194.56
470,"2015-01-13 00:00:00",192.39
471,"2015-01-14 00:00:00",185.72
472,"2015-01-15 00:00:00",169.54
473,"2015-01-16 00:00:00",222.15
474,"2015-01-17 00:00:00",203.24
475,"2015-01-18 00:00:00",177.51
476,"2015-01-19 00:00:00",169.3
477,"2015-01-20 00:00:00",168.62
478,"2015-01-21 00:00:00",183.35
479,"2015-01-22 00:00:00",169.65
480,"2015-01-23 00:00:00",162.61
481,"2015-01-24 00:00:00",157.71
482,"2015-01-25 00:00:00",149.6
483,"2015-01-26 00:00:00",154.86
484,"2015-01-27 00:00:00",169.82
485,"2015-01-28 00:00:00",162.39
486,"2015-01-29 00:00:00",152.11
487,"2015-01-30 00:00:00",185.41
488,"2015-01-31 00:00:00",164.91
489,"2015-02-01 00:00:00",163.67
490,"2015-02-02 00:00:00",153.38
491,"2015-02-03 00:00:00",178.39
492,"2015-02-04 00:00:00",168.84
493,"2015-02-05 00:00:00",175.41
494,"2015-02-06 00:00:00",176.38
495,"2015-02-07 00:00:00",173.76
496,"2015-02-08 00:00:00",161.22
497,"2015-02-09 00:00:00",148.55
498,"2015-02-10 00:00:00",163.79
499,"2015-02-11 00:00:00",162.93
500,"2015-02-12 00:00:00",162.15
501,"2015-02-13 00:00:00",154.93
502,"2015-02-14 00:00:00",135.87
503,"2015-02-15 00:00:00",124.36
504,"2015-02-16 00:00:00",128.52
505,"2015-02-17 00:00:00",133.06
506,"2015-02-18 00:00:00",151.26
507,"2015-02-19 00:00:00",163.76
508,"2015-02-20 00:00:00",161.99
509,"2015-02-21 00:00:00",161.02
510,"2015-02-22 00:00:00",171.85
511,"2015-02-23 00:00:00",180.04
512,"2015-02-24 00:00:00",180.66
513,"2015-02-25 00:00:00",196.45
514,"2015-02-26 00:00:00",186.02
515,"2015-02-27 00:00:00",187.46
516,"2015-02-28 00:00:00",166.77
517,"2015-03-01 00:00:00",170.65
518,"2015-03-02 00:00:00",183.16
519,"2015-03-03 00:00:00",194.89
520,"2015-03-04 00:00:00",208.51
521,"2015-03-05 00:00:00",229.62
522,"2015-03-06 00:00:00",217.58
523,"2015-03-07 00:00:00",202.85
524,"2015-03-08 00:00:00",192.79
525,"2015-03-09 00:00:00",214.24
526,"2015-03-10 00:00:00",202.81
527,"2015-03-11 00:00:00",213.13
528,"2015-03-12 00:00:00",221.51
529,"2015-03-13 00:00:00",227.32
530,"2015-03-14 00:00:00",222.64
531,"2015-03-15 00:00:00",209.8
532,"2015-03-16 00:00:00",240.03
533,"2015-03-17 00:00:00",233.12
534,"2015-03-18 00:00:00",218.72
535,"2015-03-19 00:00:00",207.12
536,"2015-03-20 00:00:00",190.34
537,"2015-03-21 00:00:00",175.31
538,"2015-03-22 00:00:00",169.79
539,"2015-03-23 00:00:00",156.42
540,"2015-03-24 00:00:00",169.3
541,"2015-03-25 00:00:00",203.51
542,"2015-03-26 00:00:00",198.89
543,"2015-03-27 00:00:00",191.19
544,"2015-03-28 00:00:00",209.41
545,"2015-03-29 00:00:00",214.77
546,"2015-03-30 00:00:00",216.32
547,"2015-03-31 00:00:00",210.2
548,"2015-04-01 00:00:00",187.1
549,"2015-04-02 00:00:00",174.3
550,"2015-04-03 00:00:00",172.52
551,"2015-04-04 00:00:00",190.13
552,"2015-04-05 00:00:00",188.27
553,"2015-04-06 00:00:00",185.51
554,"2015-04-07 00:00:00",182.98
555,"2015-04-08 00:00:00",188.72
556,"2015-04-09 00:00:00",189.05
557,"2015-04-10 00:00:00",187.94
558,"2015-04-11 00:00:00",172.05
559,"2015-04-12 00:00:00",168.08
560,"2015-04-13 00:00:00",186.65
561,"2015-04-14 00:00:00",198.45
562,"2015-04-15 00:00:00",161.16
563,"2015-04-16 00:00:00",153.47
564,"2015-04-17 00:00:00",137.76
565,"2015-04-18 00:00:00",134.89
566,"2015-04-19 00:00:00",129.83
567,"2015-04-20 00:00:00",129.78
568,"2015-04-21 00:00:00",143.79
569,"2015-04-22 00:00:00",133.09
570,"2015-04-23 00:00:00",160.27
571,"2015-04-24 00:00:00",165.67
572,"2015-04-25 00:00:00",146.46
573,"2015-04-26 00:00:00",156.4
574,"2015-04-27 00:00:00",139.68
575,"2015-04-28 00:00:00",147.15
576,"2015-04-29 00:00:00",135.27
577,"2015-04-30 00:00:00",137.47
578,"2015-05-01 00:00:00",163.24
579,"2015-05-02 00:00:00",162.53
580,"2015-05-03 00:00:00",155.72
581,"2015-05-04 00:00:00",172.33
582,"2015-05-05 00:00:00",170.84
583,"2015-05-06 00:00:00",179.14
584,"2015-05-07 00:00:00",200.68
585,"2015-05-08 00:00:00",195.4
586,"2015-05-09 00:00:00",211.43
587,"2015-05-10 00:00:00",223.77
588,"2015-05-11 00:00:00",266.99
589,"2015-05-12 00:00:00",307.31
590,"2015-05-13 00:00:00",324.37
591,"2015-05-14 00:00:00",383.69
592,"2015-05-15 00:00:00",446.5
593,"2015-05-16 00:00:00",481.29
594,"2015-05-17 00:00:00",350.28
595,"2015-05-18 00:00:00",414.29
596,"2015-05-19 00:00:00",339.83
597,"2015-05-20 00:00:00",237.1
598,"2015-05-21 00:00:00",184.08
599,"2015-05-22 00:00:00",223.23
600,"2015-05-23 00:00:00",225.23
601,"2015-05-24 00:00:00",210.48
602,"2015-05-25 00:00:00",246.69
603,"2015-05-26 00:00:00",289.73
604,"2015-05-27 00:00:00",305.47
605,"2015-05-28 00:00:00",335.63
606,"2015-05-29 00:00:00",287.14
607,"2015-05-30 00:00:00",251.45
608,"2015-05-31 00:00:00",204.73
609,"2015-06-01 00:00:00",193.76
610,"2015-06-02 00:00:00",195.44
611,"2015-06-03 00:00:00",216.15
612,"2015-06-04 00:00:00",221.71
613,"2015-06-05 00:00:00",212.573
614,"2015-06-06 00:00:00",198.16
615,"2015-06-07 00:00:00",183.49
616,"2015-06-08 00:00:00",179.51
617,"2015-06-09 00:00:00",181.74
618,"2015-06-10 00:00:00",187.56
619,"2015-06-11 00:00:00",197.44
620,"2015-06-12 00:00:00",205.12
621,"2015-06-13 00:00:00",184.78
622,"2015-06-14 00:00:00",166.43
623,"2015-06-15 00:00:00",173.35
624,"2015-06-16 00:00:00",211.74
625,"2015-06-17 00:00:00",221.21
626,"2015-06-18 00:00:00",213.35
627,"2015-06-19 00:00:00",204.1
628,"2015-06-20 00:00:00",189.97
629,"2015-06-21 00:00:00",148.53
630,"2015-06-22 00:00:00",180.3
631,"2015-06-23 00:00:00",160.28
632,"2015-06-24 00:00:00",162.9
633,"2015-06-25 00:00:00",195.54
634,"2015-06-26 00:00:00",193.6
635,"2015-06-27 00:00:00",168.72
636,"2015-06-28 00:00:00",91.39
637,"2015-06-29 00:00:00",137.33
638,"2015-06-30 00:00:00",174.26
639,"2015-07-01 00:00:00",189.39
640,"2015-07-02 00:00:00",179.44
641,"2015-07-03 00:00:00",185.24
642,"2015-07-04 00:00:00",188.6
643,"2015-07-05 00:00:00",192.61
644,"2015-07-06 00:00:00",235.74
645,"2015-07-07 00:00:00",234.8
646,"2015-07-08 00:00:00",240.57
647,"2015-07-09 00:00:00",227.5
648,"2015-07-10 00:00:00",239.06
649,"2015-07-11 00:00:00",215.46
650,"2015-07-12 00:00:00",199.49
651,"2015-07-13 00:00:00",213.04
652,"2015-07-14 00:00:00",219.24
653,"2015-07-15 00:00:00",223.34
654,"2015-07-16 00:00:00",238.21
655,"2015-07-17 00:00:00",231.01
656,"2015-07-18 00:00:00",229.63
657,"2015-07-19 00:00:00",180.94
658,"2015-07-20 00:00:00",150.83
659,"2015-07-21 00:00:00",183.11
660,"2015-07-22 00:00:00",215.12
661,"2015-07-23 00:00:00",209.64
662,"2015-07-24 00:00:00",168.89
663,"2015-07-25 00:00:00",155.16
664,"2015-07-26 00:00:00",184.15
665,"2015-07-27 00:00:00",209.38
666,"2015-07-28 00:00:00",167.88
667,"2015-07-29 00:00:00",217.51
668,"2015-07-30 00:00:00",155.12
669,"2015-07-31 00:00:00",157.37
670,"2015-08-01 00:00:00",147.82
671,"2015-08-02 00:00:00",131.56
672,"2015-08-03 00:00:00",194.3
673,"2015-08-04 00:00:00",203.44
674,"2015-08-05 00:00:00",233.41
675,"2015-08-06 00:00:00",207.14
676,"2015-08-07 00:00:00",175.78
677,"2015-08-08 00:00:00",179.14
678,"2015-08-09 00:00:00",177.96
679,"2015-08-10 00:00:00",195.74
680,"2015-08-11 00:00:00",207.52
681,"2015-08-12 00:00:00",193.78
682,"2015-08-13 00:00:00",196.87
683,"2015-08-14 00:00:00",211.37
684,"2015-08-15 00:00:00",200.45
685,"2015-08-16 00:00:00",181.52
686,"2015-08-17 00:00:00",171.66
687,"2015-08-18 00:00:00",176.66
688,"2015-08-19 00:00:00",166.78
689,"2015-08-20 00:00:00",175.29
690,"2015-08-21 00:00:00",196.99
691,"2015-08-22 00:00:00",154.37
692,"2015-08-23 00:00:00",137.23
693,"2015-08-24 00:00:00",186.95
694,"2015-08-25 00:00:00",197.96
695,"2015-08-26 00:00:00",167.49
696,"2015-08-27 00:00:00",168.62
697,"2015-08-28 00:00:00",148.66
698,"2015-08-29 00:00:00",141.96
699,"2015-08-30 00:00:00",146.81
700,"2015-08-31 00:00:00",189.8
701,"2015-09-01 00:00:00",246.04
702,"2015-09-02 00:00:00",252.5
703,"2015-09-03 00:00:00",265.65
704,"2015-09-04 00:00:00",266.74
705,"2015-09-05 00:00:00",265.5
706,"2015-09-06 00:00:00",262.55
707,"2015-09-07 00:00:00",266.96
708,"2015-09-08 00:00:00",261.7
709,"2015-09-09 00:00:00",256.41
710,"2015-09-10 00:00:00",226.13
711,"2015-09-11 00:00:00",239.82
712,"2015-09-12 00:00:00",244.4
713,"2015-09-13 00:00:00",221.18
714,"2015-09-14 00:00:00",276.7
715,"2015-09-15 00:00:00",291.81
716,"2015-09-16 00:00:00",304.48
717,"2015-09-17 00:00:00",318.29
718,"2015-09-18 00:00:00",306.83
719,"2015-09-19 00:00:00",325.14
720,"2015-09-20 00:00:00",336.74
721,"2015-09-21 00:00:00",432.02
722,"2015-09-22 00:00:00",716.89
723,"2015-09-23 00:00:00",902.75
724,"2015-09-24 00:00:00",823.68
725,"2015-09-25 00:00:00",875.83
726,"2015-09-26 00:00:00",935.57
727,"2015-09-27 00:00:00",909.38
728,"2015-09-28 00:00:00",975.27
729,"2015-09-29 00:00:00",972.1
730,"2015-09-30 00:00:00",952.25
731,"2015-10-01 00:00:00",1245.74
732,"2015-10-02 00:00:00",1628.47
733,"2015-10-03 00:00:00",1903.98
734,"2015-10-04 00:00:00",1728.67
735,"2015-10-05 00:00:00",1859.56
736,"2015-10-06 00:00:00",1840.06
737,"2015-10-07 00:00:00",1857.16
738,"2015-10-08 00:00:00",1952.18
739,"2015-10-09 00:00:00",1874.95
740,"2015-10-10 00:00:00",976.29
741,"2015-10-11 00:00:00",634.94
742,"2015-10-12 00:00:00",1031.6
743,"2015-10-13 00:00:00",1241.18
744,"2015-10-14 00:00:00",1280.48
745,"2015-10-15 00:00:00",1026.36
746,"2015-10-16 00:00:00",1013.77
747,"2015-10-17 00:00:00",888.69
748,"2015-10-18 00:00:00",566.8
749,"2015-10-19 00:00:00",620.81
750,"2015-10-20 00:00:00",721.15
751,"2015-10-21 00:00:00",791.29
752,"2015-10-22 00:00:00",803.37
753,"2015-10-23 00:00:00",809.76
754,"2015-10-24 00:00:00",804.43
755,"2015-10-25 00:00:00",803.7
756,"2015-10-26 00:00:00",798.13
757,"2015-10-27 00:00:00",799.88
758,"2015-10-28 00:00:00",810.38
759,"2015-10-29 00:00:00",810.26
760,"2015-10-30 00:00:00",810.88
761,"2015-10-31 00:00:00",810.95
762,"2015-11-01 00:00:00",810.74
763,"2015-11-02 00:00:00",810.38
764,"2015-11-03 00:00:00",796.58
765,"2015-11-04 00:00:00",810.38
766,"2015-11-05 00:00:00",806.43
767,"2015-11-06 00:00:00",791.56
768,"2015-11-07 00:00:00",735.27
769,"2015-11-08 00:00:00",557.51
770,"2015-11-09 00:00:00",695.42
771,"2015-11-10 00:00:00",681.44
772,"2015-11-11 00:00:00",713.26
773,"2015-11-12 00:00:00",700.92
774,"2015-11-13 00:00:00",668.45
775,"2015-11-14 00:00:00",742.31
776,"2015-11-15 00:00:00",822.81
777,"2015-11-16 00:00:00",823.25
778,"2015-11-17 00:00:00",822.65
779,"2015-11-18 00:00:00",822.71
780,"2015-11-19 00:00:00",822.81
781,"2015-11-20 00:00:00",812.58
782,"2015-11-21 00:00:00",822.08
783,"2015-11-22 00:00:00",600.41
784,"2015-11-23 00:00:00",733.76
785,"2015-11-24 00:00:00",725.02
786,"2015-11-25 00:00:00",819.12
787,"2015-11-26 00:00:00",818.28
788,"2015-11-27 00:00:00",817.35
789,"2015-11-28 00:00:00",809.71
790,"2015-11-29 00:00:00",815.97
791,"2015-11-30 00:00:00",814.93
792,"2015-12-01 00:00:00",818.72
793,"2015-12-02 00:00:00",820.17
794,"2015-12-03 00:00:00",812.95
795,"2015-12-04 00:00:00",815.09
796,"2015-12-05 00:00:00",803.65
797,"2015-12-06 00:00:00",741.51
798,"2015-12-07 00:00:00",723.34
799,"2015-12-08 00:00:00",674.78
800,"2015-12-09 00:00:00",668.2
801,"2015-12-10 00:00:00",645.24
802,"2015-12-11 00:00:00",659.38
803,"2015-12-12 00:00:00",617
804,"2015-12-13 00:00:00",567.21
805,"2015-12-14 00:00:00",633.65
806,"2015-12-15 00:00:00",554.72
807,"2015-12-16 00:00:00",579.21
808,"2015-12-17 00:00:00",540.04
809,"2015-12-18 00:00:00",595.41
810,"2015-12-19 00:00:00",636.3
811,"2015-12-20 00:00:00",621.78
812,"2015-12-21 00:00:00",711.63
813,"2015-12-22 00:00:00",705.87
814,"2015-12-23 00:00:00",715.85
815,"2015-12-24 00:00:00",697
816,"2015-12-25 00:00:00",474.01
817,"2015-12-26 00:00:00",512.8
818,"2015-12-27 00:00:00",539.28
819,"2015-12-28 00:00:00",456.38
820,"2015-12-29 00:00:00",408.56
821,"2015-12-30 00:00:00",476.71
822,"2015-12-31 00:00:00",413.3
823,"2016-01-01 00:00:00",411.01
824,"2016-01-02 00:00:00",411.01
825,"2016-01-03 00:00:00",502.71
826,"2016-01-04 00:00:00",538.52
827,"2016-01-05 00:00:00",576.51
828,"2016-01-06 00:00:00",636.83
829,"2016-01-07 00:00:00",632.92
830,"2016-01-08 00:00:00",590.63
831,"2016-01-09 00:00:00",498.43
832,"2016-01-10 00:00:00",536.4
833,"2016-01-11 00:00:00",578.95
834,"2016-01-12 00:00:00",663.33
835,"2016-01-13 00:00:00",688.53
836,"2016-01-14 00:00:00",766.38
837,"2016-01-15 00:00:00",697.19
838,"2016-01-16 00:00:00",625.02
839,"2016-01-17 00:00:00",539.87
840,"2016-01-18 00:00:00",684.11
841,"2016-01-19 00:00:00",573.15
842,"2016-01-20 00:00:00",545.77
843,"2016-01-21 00:00:00",500.19
844,"2016-01-22 00:00:00",559.24
845,"2016-01-23 00:00:00",586.13
846,"2016-01-24 00:00:00",560.63
847,"2016-01-25 00:00:00",603.75
848,"2016-01-26 00:00:00",522.88
849,"2016-01-27 00:00:00",464.17
850,"2016-01-28 00:00:00",464.4
851,"2016-01-29 00:00:00",465.84
852,"2016-01-30 00:00:00",452.05
853,"2016-01-31 00:00:00",435.94
854,"2016-02-01 00:00:00",450.45
855,"2016-02-02 00:00:00",455.77
856,"2016-02-03 00:00:00",457.75
857,"2016-02-04 00:00:00",464.13
858,"2016-02-05 00:00:00",465.81
859,"2016-02-06 00:00:00",475.37
860,"2016-02-07 00:00:00",450.65
861,"2016-02-08 00:00:00",437.33
862,"2016-02-09 00:00:00",417.09
863,"2016-02-10 00:00:00",429.03
864,"2016-02-11 00:00:00",454.96
865,"2016-02-12 00:00:00",466.41
866,"2016-02-13 00:00:00",507.04
867,"2016-02-14 00:00:00",547.44
868,"2016-02-15 00:00:00",610.99
869,"2016-02-16 00:00:00",704.92
870,"2016-02-17 00:00:00",859.44
871,"2016-02-18 00:00:00",873
872,"2016-02-19 00:00:00",874.75
873,"2016-02-20 00:00:00",876.6
874,"2016-02-21 00:00:00",876.57
875,"2016-02-22 00:00:00",789.91
876,"2016-02-23 00:00:00",766.37
877,"2016-02-24 00:00:00",876.6
878,"2016-02-25 00:00:00",876.6
879,"2016-02-26 00:00:00",876.61
880,"2016-02-27 00:00:00",877.09
881,"2016-02-28 00:00:00",876.6
882,"2016-02-29 00:00:00",877.01
883,"2016-03-01 00:00:00",876.6
884,"2016-03-02 00:00:00",855.73
885,"2016-03-03 00:00:00",876.6
886,"2016-03-04 00:00:00",857.12
887,"2016-03-05 00:00:00",876.58
888,"2016-03-06 00:00:00",876.6
889,"2016-03-07 00:00:00",850.23
890,"2016-03-08 00:00:00",870.96
891,"2016-03-09 00:00:00",787.93
892,"2016-03-10 00:00:00",893.29
893,"2016-03-11 00:00:00",893.28
894,"2016-03-12 00:00:00",891.07
895,"2016-03-13 00:00:00",893.14
896,"2016-03-14 00:00:00",892.85
897,"2016-03-15 00:00:00",892.32
898,"2016-03-16 00:00:00",893.05
899,"2016-03-17 00:00:00",891.56
900,"2016-03-18 00:00:00",883.25
901,"2016-03-19 00:00:00",852.13
902,"2016-03-20 00:00:00",818.64
903,"2016-03-21 00:00:00",777.32
904,"2016-03-22 00:00:00",767.08
905,"2016-03-23 00:00:00",697.71
906,"2016-03-24 00:00:00",696.25
907,"2016-03-25 00:00:00",775.22
908,"2016-03-26 00:00:00",836.1
909,"2016-03-27 00:00:00",803.54
910,"2016-03-28 00:00:00",835.24
911,"2016-03-29 00:00:00",807.9
912,"2016-03-30 00:00:00",805.78
913,"2016-03-31 00:00:00",804.45
914,"2016-04-01 00:00:00",807.71
915,"2016-04-02 00:00:00",746.04
916,"2016-04-03 00:00:00",600.95
917,"2016-04-04 00:00:00",683.33
918,"2016-04-05 00:00:00",651.89
919,"2016-04-06 00:00:00",594.51
920,"2016-04-07 00:00:00",563.53
921,"2016-04-08 00:00:00",490.35
922,"2016-04-09 00:00:00",421.49
923,"2016-04-10 00:00:00",372.04
924,"2016-04-11 00:00:00",353.86
925,"2016-04-12 00:00:00",333.33
926,"2016-04-13 00:00:00",299.02
927,"2016-04-14 00:00:00",233.12
928,"2016-04-15 00:00:00",200.56
929,"2016-04-16 00:00:00",175.35
930,"2016-04-17 00:00:00",169.01
931,"2016-04-18 00:00:00",169.86
932,"2016-04-19 00:00:00",168.43
933,"2016-04-20 00:00:00",175.25
934,"2016-04-21 00:00:00",175.84
935,"2016-04-22 00:00:00",182.93
936,"2016-04-23 00:00:00",184.65
937,"2016-04-24 00:00:00",205.49
938,"2016-04-25 00:00:00",236.67
939,"2016-04-26 00:00:00",217.6
940,"2016-04-27 00:00:00",193.49
941,"2016-04-28 00:00:00",181.25
942,"2016-04-29 00:00:00",175.66
943,"2016-04-30 00:00:00",161.06
944,"2016-05-01 00:00:00",147.44
945,"2016-05-02 00:00:00",140.8
946,"2016-05-03 00:00:00",140.72
947,"2016-05-04 00:00:00",151.78
948,"2016-05-05 00:00:00",146.79
949,"2016-05-06 00:00:00",125.09
950,"2016-05-07 00:00:00",131.95
951,"2016-05-08 00:00:00",117.73
952,"2016-05-09 00:00:00",130.14
953,"2016-05-10 00:00:00",126.74
954,"2016-05-11 00:00:00",119.23
955,"2016-05-12 00:00:00",115.02
956,"2016-05-13 00:00:00",106.32
957,"2016-05-14 00:00:00",105.62
958,"2016-05-15 00:00:00",113.17
959,"2016-05-16 00:00:00",147.21
960,"2016-05-17 00:00:00",125.01
961,"2016-05-18 00:00:00",117.74
962,"2016-05-19 00:00:00",122.86
963,"2016-05-20 00:00:00",175.88
964,"2016-05-21 00:00:00",140
965,"2016-05-22 00:00:00",134.89
966,"2016-05-23 00:00:00",146.64
967,"2016-05-24 00:00:00",141.15
968,"2016-05-25 00:00:00",151.48
969,"2016-05-26 00:00:00",148.44
970,"2016-05-27 00:00:00",150.86
971,"2016-05-28 00:00:00",145.81
972,"2016-05-29 00:00:00",131.11
973,"2016-05-30 00:00:00",125.54
974,"2016-05-31 00:00:00",128.33
975,"2016-06-01 00:00:00",137.12
976,"2016-06-02 00:00:00",140.57
977,"2016-06-03 00:00:00",116.74
978,"2016-06-04 00:00:00",182.08
979,"2016-06-05 00:00:00",119.73
980,"2016-06-06 00:00:00",154.18
981,"2016-06-07 00:00:00",149.47
982,"2016-06-08 00:00:00",178.54
983,"2016-06-09 00:00:00",183.84
984,"2016-06-10 00:00:00",172.08
985,"2016-06-11 00:00:00",149.57
986,"2016-06-12 00:00:00",152.15
987,"2016-06-13 00:00:00",181.3
988,"2016-06-14 00:00:00",176.25
989,"2016-06-15 00:00:00",213.73
990,"2016-06-16 00:00:00",185.16
991,"2016-06-17 00:00:00",223.58
992,"2016-06-18 00:00:00",271.6
993,"2016-06-19 00:00:00",222.44
994,"2016-06-20 00:00:00",248.27
995,"2016-06-21 00:00:00",223.97
996,"2016-06-22 00:00:00",189.1
997,"2016-06-23 00:00:00",168.25
998,"2016-06-24 00:00:00",183.37
999,"2016-06-25 00:00:00",116.36
1000,"2016-06-26 00:00:00",125.05
1001,"2016-06-27 00:00:00",123.5
1002,"2016-06-28 00:00:00",123.73
1003,"2016-06-29 00:00:00",119.12
1004,"2016-06-30 00:00:00",129.04
1005,"2016-07-01 00:00:00",145.34
1006,"2016-07-02 00:00:00",133.91
1007,"2016-07-03 00:00:00",123.64
1008,"2016-07-04 00:00:00",125.32
1009,"2016-07-05 00:00:00",133.75
1010,"2016-07-06 00:00:00",124.66
1011,"2016-07-07 00:00:00",118.4
1012,"2016-07-08 00:00:00",120.46
1013,"2016-07-09 00:00:00",126.49
1014,"2016-07-10 00:00:00",105.72
1015,"2016-07-11 00:00:00",118.62
1016,"2016-07-12 00:00:00",126.01
1017,"2016-07-13 00:00:00",118.08
1018,"2016-07-14 00:00:00",108.91
1019,"2016-07-15 00:00:00",104.48
1020,"2016-07-16 00:00:00",91.86
1021,"2016-07-17 00:00:00",88.07
1022,"2016-07-18 00:00:00",108.13
1023,"2016-07-19 00:00:00",123.43
1024,"2016-07-20 00:00:00",109.84
1025,"2016-07-21 00:00:00",122.66
1026,"2016-07-22 00:00:00",137.69
1027,"2016-07-23 00:00:00",121.43
1028,"2016-07-24 00:00:00",126.56
1029,"2016-07-25 00:00:00",123.32
1030,"2016-07-26 00:00:00",119.47
1031,"2016-07-27 00:00:00",120.45
1032,"2016-07-28 00:00:00",127.5
1033,"2016-07-29 00:00:00",127.17
1034,"2016-07-30 00:00:00",130.1
1035,"2016-07-31 00:00:00",124.63
1036,"2016-08-01 00:00:00",137.19
1037,"2016-08-02 00:00:00",154
1038,"2016-08-03 00:00:00",145.73
1039,"2016-08-04 00:00:00",134.04
1040,"2016-08-05 00:00:00",131.31
1041,"2016-08-06 00:00:00",125.64
1042,"2016-08-07 00:00:00",126.04
1043,"2016-08-08 00:00:00",126.11
1044,"2016-08-09 00:00:00",151.67
1045,"2016-08-10 00:00:00",159.34
1046,"2016-08-11 00:00:00",184.84
1047,"2016-08-12 00:00:00",150.2
1048,"2016-08-13 00:00:00",163.82
1049,"2016-08-14 00:00:00",158.29
1050,"2016-08-15 00:00:00",201.58
1051,"2016-07-16 00:00:00",257.34
1052,"2016-08-17 00:00:00",271.81
1053,"2016-08-18 00:00:00",273.74
1054,"2016-08-19 00:00:00",197.46
1055,"2016-08-20 00:00:00",140.46
1056,"2016-08-21 00:00:00",158.23
1057,"2016-08-22 00:00:00",257.28
1058,"2016-08-23 00:00:00",274.98
1059,"2016-08-24 00:00:00",308.85
1060,"2016-08-25 00:00:00",308.94
1061,"2016-08-26 00:00:00",294.14
1062,"2016-08-27 00:00:00",242.73
1063,"2016-08-28 00:00:00",272.01
1064,"2016-08-29 00:00:00",222.49
1065,"2016-08-30 00:00:00",171.31
1066,"2016-08-31 00:00:00",208.86
1067,"2016-09-01 00:00:00",172.02
1068,"2016-09-02 00:00:00",153.44
1069,"2016-09-03 00:00:00",171.53
1070,"2016-09-04 00:00:00",152.54
1071,"2016-09-05 00:00:00",177.85
1072,"2016-09-06 00:00:00",245.25
1073,"2016-09-07 00:00:00",269.14
1074,"2016-09-08 00:00:00",207.9
1075,"2016-09-09 00:00:00",199.93
1076,"2016-09-10 00:00:00",179.03
1077,"2016-09-11 00:00:00",132.95
1078,"2016-09-12 00:00:00",161.01
1079,"2016-09-13 00:00:00",129.21
1080,"2016-09-14 00:00:00",111.24
1081,"2016-09-15 00:00:00",111.51
1082,"2016-09-16 00:00:00",90.68
1083,"2016-09-17 00:00:00",80.41
1084,"2016-09-18 00:00:00",75.13
1085,"2016-09-19 00:00:00",134.7
1086,"2016-09-20 00:00:00",157.68
1087,"2016-09-21 00:00:00",150.81
1088,"2016-09-22 00:00:00",131.4
1089,"2016-09-23 00:00:00",105.86
1090,"2016-09-24 00:00:00",100.77
1091,"2016-09-25 00:00:00",90.77
1092,"2016-09-26 00:00:00",97.71
1093,"2016-09-27 00:00:00",102.46
1094,"2016-09-28 00:00:00",160.39
1095,"2016-09-29 00:00:00",172.25
1096,"2016-09-30 00:00:00",193.92
1097,"2016-10-01 00:00:00",144.88
1098,"2016-10-02 00:00:00",110.73
1099,"2016-10-03 00:00:00",156.98
1100,"2016-10-04 00:00:00",172.76
1101,"2016-10-05 00:00:00",134.41
1102,"2016-10-06 00:00:00",178.01
1103,"2016-10-07 00:00:00",124.48
1104,"2016-10-08 00:00:00",135.89
1105,"2016-10-09 00:00:00",112.92
1106,"2016-10-10 00:00:00",145.35
1107,"2016-10-11 00:00:00",201.33
1108,"2016-10-12 00:00:00",173.14
1109,"2016-10-13 00:00:00",193.78
1110,"2016-10-14 00:00:00",208.12
1111,"2016-10-15 00:00:00",203.97
1112,"2016-10-16 00:00:00",144.33
1113,"2016-10-17 00:00:00",170.29
1114,"2016-10-18 00:00:00",181.75
1115,"2016-10-19 00:00:00",194.69
1116,"2016-10-20 00:00:00",216.95
1117,"2016-10-21 00:00:00",212.17
1118,"2016-10-22 00:00:00",214.26
1119,"2016-10-23 00:00:00",208.84
1120,"2016-10-24 00:00:00",216.1
1121,"2016-10-25 00:00:00",224.44
1122,"2016-10-26 00:00:00",244.4
1123,"2016-10-27 00:00:00",234.47
1124,"2016-10-28 00:00:00",234.05
1125,"2016-10-29 00:00:00",201.04
1126,"2016-10-30 00:00:00",171.64
1127,"2016-10-31 00:00:00",153.5
1128,"2016-11-01 00:00:00",191.37
1129,"2016-11-02 00:00:00",192.57
1130,"2016-11-03 00:00:00",177.34
1131,"2016-11-04 00:00:00",167.82
1132,"2016-11-05 00:00:00",168.7
1133,"2016-11-06 00:00:00",149.01
1134,"2016-11-07 00:00:00",157.42
1135,"2016-11-08 00:00:00",166.34
1136,"2016-11-09 00:00:00",175.44
1137,"2016-11-10 00:00:00",183.6
1138,"2016-11-11 00:00:00",172.87
1139,"2016-11-12 00:00:00",168.86
1140,"2016-11-13 00:00:00",171.09
1141,"2016-11-14 00:00:00",162.26
1142,"2016-11-15 00:00:00",171.25
1143,"2016-11-16 00:00:00",171.39
1144,"2016-11-17 00:00:00",156.91
1145,"2016-11-18 00:00:00",134.21
1146,"2016-11-19 00:00:00",126.34
1147,"2016-11-20 00:00:00",119.92
1148,"2016-11-21 00:00:00",128.58
1149,"2016-11-22 00:00:00",133.2
1150,"2016-11-23 00:00:00",124.04
1151,"2016-11-24 00:00:00",130.12
1152,"2016-11-25 00:00:00",163.9
1153,"2016-11-26 00:00:00",175.6
1154,"2016-11-27 00:00:00",151.21
1155,"2016-11-28 00:00:00",174.5
1156,"2016-11-29 00:00:00",168.05
1157,"2016-11-30 00:00:00",173.15
1158,"2016-12-01 00:00:00",147.96
1159,"2016-12-02 00:00:00",125.62
1160,"2016-12-03 00:00:00",127.65
1161,"2016-12-04 00:00:00",85.85
1162,"2016-12-05 00:00:00",78.2
1163,"2016-12-06 00:00:00",72.7
1164,"2016-12-07 00:00:00",62.36
1165,"2016-12-08 00:00:00",61.11
1166,"2016-12-09 00:00:00",75.38
1167,"2016-12-10 00:00:00",78.83
1168,"2016-12-11 00:00:00",60.6
1169,"2016-12-12 00:00:00",92.56
1170,"2016-12-13 00:00:00",113.35
1171,"2016-12-14 00:00:00",117.85
1172,"2016-12-15 00:00:00",124.69
1173,"2016-12-16 00:00:00",125.72
1174,"2016-12-17 00:00:00",133.22
1175,"2016-12-18 00:00:00",133.83
1176,"2016-12-19 00:00:00",134.47
1177,"2016-12-20 00:00:00",140.8
1178,"2016-12-21 00:00:00",138.41
1179,"2016-12-22 00:00:00",133.28
1180,"2016-12-23 00:00:00",125.93
1181,"2016-12-24 00:00:00",126.69
1182,"2016-12-25 00:00:00",100.25
1183,"2016-12-26 00:00:00",105.59
1184,"2016-12-27 00:00:00",100.37
1185,"2016-12-28 00:00:00",105.16
1186,"2016-12-29 00:00:00",102.91
1187,"2016-12-30 00:00:00",96.84
1188,"2016-12-31 00:00:00",88.82
1189,"2017-01-01 00:00:00",78.46
1190,"2017-01-02 00:00:00",82
1191,"2017-01-03 00:00:00",77.08
1192,"2017-01-04 00:00:00",89.72
1193,"2017-01-05 00:00:00",99.38
1194,"2017-01-06 00:00:00",123.79
1195,"2017-01-07 00:00:00",116.69
1196,"2017-01-08 00:00:00",112.24
1197,"2017-01-09 00:00:00",117.81
1198,"2017-01-10 00:00:00",127.74
1199,"2017-01-11 00:00:00",114.36
1200,"2017-01-12 00:00:00",120.52
1201,"2017-01-13 00:00:00",113.34
1202,"2017-01-14 00:00:00",65.59
1203,"2017-01-15 00:00:00",80.82
1204,"2017-01-16 00:00:00",85.25
1205,"2017-01-17 00:00:00",91.95
1206,"2017-01-18 00:00:00",107.44
1207,"2017-01-19 00:00:00",101.91
1208,"2017-01-20 00:00:00",106.11
1209,"2017-01-21 00:00:00",97.61
1210,"2017-01-22 00:00:00",71.08
1211,"2017-01-23 00:00:00",131.8
1212,"2017-01-24 00:00:00",144.87
1213,"2017-01-25 00:00:00",127.33
1214,"2017-01-26 00:00:00",139.31
1215,"2017-01-27 00:00:00",128.26
1216,"2017-01-28 00:00:00",118.04
1217,"2017-01-29 00:00:00",128.46
1218,"2017-01-30 00:00:00",129.53
1219,"2017-01-31 00:00:00",118.32
1220,"2017-02-01 00:00:00",103.46
1221,"2017-02-02 00:00:00",103.21
1222,"2017-02-03 00:00:00",122.17
1223,"2017-02-04 00:00:00",127.79
1224,"2017-02-05 00:00:00",90.01
1225,"2017-02-06 00:00:00",119.55
1226,"2017-02-07 00:00:00",146.88
1227,"2017-02-08 00:00:00",131.51
1228,"2017-02-09 00:00:00",133.76
1229,"2017-02-10 00:00:00",167.13
1230,"2017-02-11 00:00:00",151.91
1231,"2017-02-12 00:00:00",142.41
1232,"2017-02-13 00:00:00",186.01
1233,"2017-02-14 00:00:00",193.35
1234,"2017-02-15 00:00:00",193.56
1235,"2017-02-16 00:00:00",164.44
1236,"2017-02-17 00:00:00",159.48
1237,"2017-02-18 00:00:00",175.35
1238,"2017-02-19 00:00:00",152.55
1239,"2017-02-20 00:00:00",158.22
1240,"2017-02-21 00:00:00",175.71
1241,"2017-02-22 00:00:00",189.58
1242,"2017-02-23 00:00:00",194.74
1243,"2017-02-24 00:00:00",187.54
1244,"2017-02-25 00:00:00",189.85
1245,"2017-02-26 00:00:00",151.32
1246,"2017-02-27 00:00:00",157.19
1247,"2017-02-28 00:00:00",150.25
1248,"2017-03-01 00:00:00",162.28
1249,"2017-03-02 00:00:00",167.16
1250,"2017-03-03 00:00:00",155.32
1251,"2017-03-04 00:00:00",150.82
1252,"2017-03-05 00:00:00",139.73
1253,"2017-03-06 00:00:00",137.85
1254,"2017-03-07 00:00:00",130.02
1255,"2017-03-08 00:00:00",124.41
1256,"2017-03-09 00:00:00",121.93
1257,"2017-03-10 00:00:00",112.63
1258,"2017-03-11 00:00:00",124.95
1259,"2017-03-12 00:00:00",119.06
1260,"2017-03-13 00:00:00",128.81
1261,"2017-03-14 00:00:00",107.32
1262,"2017-03-14 00:00:00",107.32
1263,"2017-03-15 00:00:00",106.82
1264,"2017-03-16 00:00:00",110.37
1265,"2017-03-17 00:00:00",104.19
1266,"2017-03-18 00:00:00",113.45
1267,"2017-03-19 00:00:00",90.67
1268,"2017-03-20 00:00:00",106.22
1269,"2017-03-21 00:00:00",111.22
1270,"2017-03-22 00:00:00",121.86
1271,"2017-03-23 00:00:00",111.5
1272,"2017-03-24 00:00:00",121.76
1273,"2017-03-25 00:00:00",88.93
1274,"2017-03-26 00:00:00",72.38
1275,"2017-03-27 00:00:00",66.15
1276,"2017-03-28 00:00:00",76.34
1277,"2017-03-29 00:00:00",73.66
1278,"2017-03-30 00:00:00",70.91
1279,"2017-03-31 00:00:00",69.88
1280,"2017-04-01 00:00:00",63.21
1281,"2017-04-02 00:00:00",71.66
1282,"2017-04-03 00:00:00",106.42
1283,"2017-04-04 00:00:00",97.49
1284,"2017-04-05 00:00:00",90.48
1285,"2017-04-06 00:00:00",90.96
1286,"2017-04-07 00:00:00",100.35
1287,"2017-04-08 00:00:00",125.89
1288,"2017-04-09 00:00:00",131.78
1289,"2017-04-10 00:00:00",104.08
1290,"2017-04-11 00:00:00",84.54
1291,"2017-04-12 00:00:00",82.77
1292,"2017-04-13 00:00:00",63.29
1293,"2017-04-14 00:00:00",70.44
1294,"2017-04-15 00:00:00",64.99
1295,"2017-04-16 00:00:00",66.26
1296,"2017-04-17 00:00:00",86.37
1297,"2017-04-18 00:00:00",106.17
1298,"2017-04-19 00:00:00",103.43
1299,"2017-04-20 00:00:00",108.32
1300,"2017-04-21 00:00:00",101.48
1301,"2017-04-22 00:00:00",92.16
1302,"2017-04-23 00:00:00",98.73
1303,"2017-04-24 00:00:00",98.59
1304,"2017-04-25 00:00:00",98.44
1305,"2017-04-26 00:00:00",88.76
1306,"2017-04-27 00:00:00",92.02
1307,"2017-04-28 00:00:00",92.53
1308,"2017-04-29 00:00:00",79.28
1309,"2017-04-30 00:00:00",82.57
1310,"2017-05-01 00:00:00",97.83
1311,"2017-05-02 00:00:00",92.02
1312,"2017-05-03 00:00:00",83.72
1313,"2017-05-04 00:00:00",81.19
1314,"2017-05-05 00:00:00",73.22
1315,"2017-05-06 00:00:00",69.69
1316,"2017-05-07 00:00:00",69.08
1317,"2017-05-08 00:00:00",73.61
1318,"2017-05-09 00:00:00",65.88
1319,"2017-05-10 00:00:00",62.74
1320,"2017-05-11 00:00:00",59.27
1321,"2017-05-12 00:00:00",61.99
1322,"2017-05-13 00:00:00",60.45
1323,"2017-05-14 00:00:00",61.71
1324,"2017-05-15 00:00:00",61.23
1325,"2017-05-16 00:00:00",65.37
1326,"2017-05-17 00:00:00",62.49
1327,"2017-05-18 00:00:00",62.36
1328,"2017-05-19 00:00:00",61.1
1329,"2017-05-20 00:00:00",60.63
1330,"2017-05-21 00:00:00",58.57
1331,"2017-05-22 00:00:00",61.75
1332,"2017-05-23 00:00:00",60.67
1333,"2017-05-24 00:00:00",59.82
1334,"2017-05-25 00:00:00",62.5
1335,"2017-05-26 00:00:00",64.09
1336,"2017-05-27 00:00:00",62.4
1337,"2017-05-28 00:00:00",63.26
1338,"2017-05-29 00:00:00",64.97
1339,"2017-05-30 00:00:00",62.07
1340,"2017-05-31 00:00:00",76.9
1341,"2017-06-01 00:00:00",61.68
1342,"2017-06-02 00:00:00",61.7
1343,"2017-06-03 00:00:00",65.02
1344,"2017-06-04 00:00:00",60.45
1345,"2017-06-05 00:00:00",61.34
1346,"2017-06-06 00:00:00",74.17
1347,"2017-06-07 00:00:00",62.68
1348,"2017-06-08 00:00:00",63.41
1349,"2017-06-09 00:00:00",59.85
1350,"2017-06-10 00:00:00",58.79
1351,"2017-06-11 00:00:00",60.25
1352,"2017-06-12 00:00:00",58.74
1353,"2017-06-13 00:00:00",61.43
1354,"2017-06-14 00:00:00",77
1355,"2017-06-15 00:00:00",61.66
1356,"2017-06-16 00:00:00",59.35
1357,"2017-06-17 00:00:00",58.72
1358,"2017-06-18 00:00:00",58.76
1359,"2017-06-19 00:00:00",60.4
1360,"2017-06-20 00:00:00",59.1
1361,"2017-06-21 00:00:00",59.63
1362,"2017-06-22 00:00:00",60.11
1363,"2017-06-23 00:00:00",60.1
1364,"2017-06-24 00:00:00",58.74
1365,"2017-06-25 00:00:00",59.94
1366,"2017-06-26 00:00:00",60.97
1367,"2017-06-27 00:00:00",62.72
1368,"2017-06-28 00:00:00",60.18
1369,"2017-06-29 00:00:00",59.12
1370,"2017-06-30 00:00:00",59.04
1371,"2017-07-01 00:00:00",63.11
1372,"2017-07-02 00:00:00",61.7
1373,"2017-07-03 00:00:00",61.53
1374,"2017-07-04 00:00:00",63.14
1375,"2017-07-05 00:00:00",61.94
1376,"2017-07-06 00:00:00",62.81
1377,"2017-07-07 00:00:00",63.43
1378,"2017-07-08 00:00:00",62.15
1379,"2017-07-09 00:00:00",64.07
1380,"2017-07-10 00:00:00",71.47
1381,"2017-07-11 00:00:00",71.61
1382,"2017-07-12 00:00:00",63.26
1383,"2017-07-13 00:00:00",68.11
1384,"2017-07-14 00:00:00",68.21
1385,"2017-07-15 00:00:00",61.71
1386,"2017-07-16 00:00:00",63.22
1387,"2017-07-17 00:00:00",66.35
1388,"2017-07-18 00:00:00",74.44
1389,"2017-07-19 00:00:00",78.85
1390,"2017-07-20 00:00:00",65.07
1391,"2017-07-21 00:00:00",70.82
1392,"2017-07-22 00:00:00",62.71
1393,"2017-07-23 00:00:00",62.23
1394,"2017-07-24 00:00:00",67.8
1395,"2017-07-25 00:00:00",72.78
1396,"2017-07-26 00:00:00",67.12
1397,"2017-07-27 00:00:00",68.77
1398,"2017-07-28 00:00:00",78.5
1399,"2017-07-29 00:00:00",69.52
1400,"2017-07-30 00:00:00",68.96
1401,"2017-07-31 00:00:00",66.94
1402,"2017-08-01 00:00:00",87.93
1403,"2017-08-02 00:00:00",76.66
1404,"2017-08-03 00:00:00",74.75
1405,"2017-08-04 00:00:00",65.03
1406,"2017-08-05 00:00:00",62.11
1407,"2017-08-06 00:00:00",61.69
1408,"2017-08-07 00:00:00",63.34
1409,"2017-08-08 00:00:00",68.04
1410,"2017-08-09 00:00:00",65.47
1411,"2017-08-10 00:00:00",65.65
1412,"2017-08-11 00:00:00",63.34
1413,"2017-08-12 00:00:00",66.34
1414,"2017-08-13 00:00:00",65.95
1415,"2017-08-14 00:00:00",76.86
1416,"2017-08-15 00:00:00",81.6
1417,"2017-08-16 00:00:00",71.33
1418,"2017-08-17 00:00:00",77.05
1419,"2017-08-18 00:00:00",94.3
1420,"2017-08-19 00:00:00",108.09
1421,"2017-08-20 00:00:00",97.09
1422,"2017-08-21 00:00:00",104.63
1423,"2017-08-22 00:00:00",103.88
1424,"2017-08-23 00:00:00",105.69
1425,"2017-08-24 00:00:00",113.66
1426,"2017-08-25 00:00:00",110.96
1427,"2017-08-26 00:00:00",112.11
1428,"2017-08-27 00:00:00",110.37
1429,"2017-08-28 00:00:00",124.61
1430,"2017-08-29 00:00:00",131.4
1431,"2017-08-30 00:00:00",135.89
1432,"2017-08-31 00:00:00",134.5
1433,"2017-09-01 00:00:00",140.48
1434,"2017-09-02 00:00:00",137.39
1435,"2017-09-03 00:00:00",134.76
1436,"2017-09-04 00:00:00",137.3
1437,"2017-09-05 00:00:00",133.18
1438,"2017-09-06 00:00:00",136.28
1439,"2017-09-07 00:00:00",129.58
1440,"2017-09-08 00:00:00",135.76
1441,"2017-09-09 00:00:00",120.74
1442,"2017-09-10 00:00:00",122.87
1443,"2017-09-11 00:00:00",126.98
1444,"2017-09-12 00:00:00",120.74
1445,"2017-09-13 00:00:00",125.03
1446,"2017-09-14 00:00:00",128.77
1447,"2017-09-15 00:00:00",110.39
1448,"2017-09-16 00:00:00",112.12
1449,"2017-09-17 00:00:00",109.67
1450,"2017-09-18 00:00:00",118.87
1451,"2017-09-19 00:00:00",98.63
1452,"2017-09-20 00:00:00",109.42
1453,"2017-09-21 00:00:00",120.37
1454,"2017-09-22 00:00:00",116.49
1455,"2017-09-23 00:00:00",119.67
1456,"2017-09-24 00:00:00",110.24
1457,"2017-09-25 00:00:00",108.71
1458,"2017-09-26 00:00:00",112.54
1459,"2017-09-27 00:00:00",108.06
1460,"2017-09-28 00:00:00",128.33
1461,"2017-09-29 00:00:00",105.66
1462,"2017-09-30 00:00:00",102.7
1463,"2017-10-01 00:00:00",100.25
1464,"2017-10-02 00:00:00",110.06
1465,"2017-10-03 00:00:00",109.56
1466,"2017-10-04 00:00:00",113.29
1467,"2017-10-05 00:00:00",122.66
1468,"2017-10-06 00:00:00",108.9
1469,"2017-10-07 00:00:00",119.89
1470,"2017-10-08 00:00:00",109.89
1471,"2017-10-09 00:00:00",117.14
1472,"2017-10-10 00:00:00",114.33
1473,"2017-10-11 00:00:00",119.35
1474,"2017-10-12 00:00:00",120.16
1475,"2017-10-13 00:00:00",128.29
1476,"2017-10-14 00:00:00",118.71
1477,"2017-10-15 00:00:00",119.49
1478,"2017-10-16 00:00:00",117.71
1479,"2017-10-17 00:00:00",132.15
1480,"2017-10-18 00:00:00",147.49
1481,"2017-10-19 00:00:00",145.95
1482,"2017-10-20 00:00:00",151.26
1483,"2017-10-21 00:00:00",165.59
1484,"2017-10-22 00:00:00",150.14
1485,"2017-10-23 00:00:00",160.85
1486,"2017-10-24 00:00:00",161.58
1487,"2017-10-25 00:00:00",163.49
1488,"2017-10-26 00:00:00",167.92
1489,"2017-10-27 00:00:00",160.51
1490,"2017-10-28 00:00:00",152.35
1491,"2017-10-29 00:00:00",141.03
1492,"2017-10-30 00:00:00",124.39
1493,"2017-10-31 00:00:00",102.02
1494,"2017-11-01 00:00:00",132.24
1495,"2017-11-02 00:00:00",130.55
1496,"2017-11-03 00:00:00",139.8
1497,"2017-11-04 00:00:00",132.77
1498,"2017-11-05 00:00:00",129.65
1499,"2017-11-06 00:00:00",126.88
1500,"2017-11-07 00:00:00",132.27
1501,"2017-11-08 00:00:00",137.97
1502,"2017-11-09 00:00:00",143.57
1503,"2017-11-10 00:00:00",144.69
1504,"2017-11-11 00:00:00",143.59
1505,"2017-11-12 00:00:00",134.56
1506,"2017-11-13 00:00:00",138.62
1507,"2017-11-14 00:00:00",159.58
1508,"2017-11-15 00:00:00",151.64
1509,"2017-11-16 00:00:00",151.57
1510,"2017-11-17 00:00:00",146.78
1511,"2017-11-18 00:00:00",131.41
1512,"2017-11-19 00:00:00",115.53
1513,"2017-11-20 00:00:00",99.75
1514,"2017-11-21 00:00:00",106.33
1515,"2017-11-22 00:00:00",104.33
1516,"2017-11-23 00:00:00",116.18
1517,"2017-11-24 00:00:00",96.54
1518,"2017-11-25 00:00:00",92.33
1519,"2017-11-26 00:00:00",78.57
1520,"2017-11-27 00:00:00",81.89
1521,"2017-11-28 00:00:00",84.93
1522,"2017-11-29 00:00:00",83.03
1523,"2017-11-30 00:00:00",83.61
1524,"2017-12-01 00:00:00",78.6
1525,"2017-12-02 00:00:00",75.34
1526,"2017-12-03 00:00:00",71.03
1527,"2017-12-04 00:00:00",67.2
1528,"2017-12-05 00:00:00",72.21
1529,"2017-12-06 00:00:00",73.11
1530,"2017-12-07 00:00:00",75.92
1531,"2017-12-08 00:00:00",76.34
1532,"2017-12-09 00:00:00",80.08
1533,"2017-12-10 00:00:00",77.7
1534,"2017-12-11 00:00:00",85.86
1535,"2017-12-12 00:00:00",79.99
1536,"2017-12-13 00:00:00",83.86
1537,"2017-12-14 00:00:00",78.37
1538,"2017-12-15 00:00:00",71.97
1539,"2017-12-16 00:00:00",76.64
1540,"2017-12-17 00:00:00",71.9
1541,"2017-12-18 00:00:00",86.24
1542,"2017-12-19 00:00:00",84.42
1543,"2017-12-20 00:00:00",96.21
1544,"2017-12-21 00:00:00",101.67
1545,"2017-12-22 00:00:00",108.81
1546,"2017-12-23 00:00:00",110.98
1547,"2017-12-24 00:00:00",116.29
1548,"2017-12-25 00:00:00",121.04
1549,"2017-12-26 00:00:00",134.1
1550,"2017-12-27 00:00:00",139.33
1551,"2017-12-28 00:00:00",138.86
1552,"2017-12-29 00:00:00",140.35
1553,"2017-12-30 00:00:00",157.72
1554,"2017-12-31 00:00:00",145.61
1555,"2018-01-01 00:00:00",117.81
1556,"2018-01-02 00:00:00",131.52
1557,"2018-01-03 00:00:00",132.75
1558,"2018-01-04 00:00:00",140.93
1559,"2018-01-05 00:00:00",137.08
1560,"2018-01-06 00:00:00",133.6
1561,"2018-01-07 00:00:00",130
1562,"2018-01-08 00:00:00",128.39
1563,"2018-01-09 00:00:00",130.25
1564,"2018-01-10 00:00:00",131.02
1565,"2018-01-11 00:00:00",131.64
1566,"2018-01-12 00:00:00",130.39
1567,"2018-01-13 00:00:00",128.54
1568,"2018-01-14 00:00:00",126.17
1569,"2018-01-15 00:00:00",111.55
1570,"2018-01-16 00:00:00",129.16
1571,"2018-01-17 00:00:00",115.83
1572,"2018-01-18 00:00:00",117.92
1573,"2018-01-19 00:00:00",118.32
1574,"2018-01-20 00:00:00",112.03
1575,"2018-01-21 00:00:00",91.05
1576,"2018-01-22 00:00:00",114.26
1577,"2018-01-23 00:00:00",111.55
1578,"2018-01-24 00:00:00",108.2
1579,"2018-01-25 00:00:00",108.93
1580,"2018-01-26 00:00:00",108.11
1581,"2018-01-27 00:00:00",117.07
1582,"2018-01-28 00:00:00",111.78
1583,"2018-01-29 00:00:00",116.78
1584,"2018-01-30 00:00:00",114.5
1585,"2018-01-31 00:00:00",119.11
1586,"2018-02-01 00:00:00",131.64
1587,"2018-02-02 00:00:00",127.07
1588,"2018-02-03 00:00:00",142.71
1589,"2018-02-04 00:00:00",139.14
1590,"2018-02-05 00:00:00",139.41
1591,"2018-02-06 00:00:00",123.85
1592,"2018-02-07 00:00:00",140.79
1593,"2018-02-08 00:00:00",122.33
1594,"2018-02-09 00:00:00",127.86
1595,"2018-02-10 00:00:00",124.88
1596,"2018-02-11 00:00:00",127.38
1597,"2018-02-12 00:00:00",128.08
1598,"2018-02-13 00:00:00",127.66
1599,"2018-02-14 00:00:00",127.88
1600,"2018-02-15 00:00:00",130.7
1601,"2018-02-16 00:00:00",131.74
1602,"2018-02-17 00:00:00",125.74
1603,"2018-02-18 00:00:00",120.98
1604,"2018-02-19 00:00:00",130.42
1605,"2018-02-20 00:00:00",134.84
1606,"2018-02-21 00:00:00",152.13
1607,"2018-02-22 00:00:00",140.68
1608,"2018-02-23 00:00:00",137.43
1609,"2018-02-24 00:00:00",133.09
1610,"2018-02-25 00:00:00",136.08
1611,"2018-02-26 00:00:00",144.35
1612,"2018-02-27 00:00:00",144
1613,"2018-02-28 00:00:00",139.94
1614,"2018-03-01 00:00:00",137.05
1615,"2018-03-02 00:00:00",150.78
1616,"2018-03-03 00:00:00",152.03
1617,"2018-03-04 00:00:00",172.94
1618,"2018-03-05 00:00:00",181.18
1619,"2018-03-06 00:00:00",176.26
1620,"2018-03-07 00:00:00",178.41
1621,"2018-03-08 00:00:00",175.78
1622,"2018-03-09 00:00:00",177.06
1623,"2018-03-10 00:00:00",182.82
1624,"2018-03-11 00:00:00",187.9
1625,"2018-03-12 00:00:00",202.51
1626,"2018-03-13 00:00:00",206.23
1627,"2018-03-14 00:00:00",211.06
1628,"2018-03-15 00:00:00",203.49
1629,"2018-03-16 00:00:00",198
1630,"2018-03-17 00:00:00",184.42
1631,"2018-03-18 00:00:00",175.56
1632,"2018-03-19 00:00:00",164.4
1633,"2018-03-20 00:00:00",170.65
1634,"2018-03-21 00:00:00",163.44
1635,"2018-03-22 00:00:00",152.54
1636,"2018-03-23 00:00:00",143.09
1637,"2018-03-24 00:00:00",139.54
1638,"2018-03-25 00:00:00",151.24
1639,"2018-03-26 00:00:00",165.59
1640,"2018-03-27 00:00:00",172.5
1641,"2018-03-28 00:00:00",176.99
1642,"2018-03-29 00:00:00",165.41
1643,"2018-03-30 00:00:00",115.71
1644,"2018-03-31 00:00:00",151.7
1645,"2018-04-01 00:00:00",113.17
1646,"2018-04-02 00:00:00",149.19
1647,"2018-04-03 00:00:00",144.66
1648,"2018-04-04 00:00:00",134.01
1649,"2018-04-05 00:00:00",125.26
1650,"2018-04-06 00:00:00",105.88
1651,"2018-04-07 00:00:00",114.21
1652,"2018-04-08 00:00:00",96.97
1653,"2018-04-09 00:00:00",101.38
1654,"2018-04-10 00:00:00",107.53
1655,"2018-04-11 00:00:00",133.2
1656,"2018-04-12 00:00:00",108.96
1657,"2018-04-13 00:00:00",116.08
1658,"2018-04-14 00:00:00",111.84
1659,"2018-04-15 00:00:00",97.64
1660,"2018-04-16 00:00:00",116.68
1661,"2018-04-17 00:00:00",115.76
1662,"2018-04-18 00:00:00",123.64
1663,"2018-04-19 00:00:00",122.38
1664,"2018-04-20 00:00:00",111.38
1665,"2018-04-21 00:00:00",73.45
1666,"2018-04-22 00:00:00",79.51
1667,"2018-04-23 00:00:00",117.6
1668,"2018-04-24 00:00:00",129.94
1669,"2018-04-25 00:00:00",123.12
1670,"2018-04-26 00:00:00",107.15
1671,"2018-04-27 00:00:00",97.44
1672,"2018-04-28 00:00:00",84.07
1673,"2018-04-29 00:00:00",65.82
1674,"2018-04-30 00:00:00",89.92
1675,"2018-05-01 00:00:00",71.67
1676,"2018-05-02 00:00:00",76.37
1677,"2018-05-03 00:00:00",71.15
1678,"2018-05-04 00:00:00",64.71
1679,"2018-05-05 00:00:00",73.97
1680,"2018-05-06 00:00:00",70.65
1681,"2018-05-07 00:00:00",80.31
1682,"2018-05-08 00:00:00",102.03
1683,"2018-05-09 00:00:00",70
1684,"2018-05-10 00:00:00",68.39
1685,"2018-05-11 00:00:00",64.98
1686,"2018-05-12 00:00:00",60.43
1687,"2018-05-13 00:00:00",60.66
1688,"2018-05-14 00:00:00",60.73
1689,"2018-05-15 00:00:00",58.54
1690,"2018-05-16 00:00:00",59.57
1691,"2018-05-17 00:00:00",60.48
1692,"2018-05-18 00:00:00",63.09
1693,"2018-05-19 00:00:00",62.5
1694,"2018-05-20 00:00:00",59.06
1695,"2018-05-21 00:00:00",62.58
1696,"2018-05-22 00:00:00",63.53
1697,"2018-05-23 00:00:00",66.56
1698,"2018-05-24 00:00:00",67.94
1699,"2018-05-25 00:00:00",68.65
1700,"2018-05-26 00:00:00",76.84
1701,"2018-05-27 00:00:00",67.79
1702,"2018-05-28 00:00:00",63.94
1703,"2018-05-29 00:00:00",62.92
1704,"2018-05-30 00:00:00",63.17
1705,"2018-05-31 00:00:00",95.94
1706,"2018-06-01 00:00:00",66.75
1707,"2018-06-02 00:00:00",65.56
1708,"2018-06-03 00:00:00",63.47
1709,"2018-06-04 00:00:00",64.63
1710,"2018-06-05 00:00:00",66.12
1711,"2018-06-06 00:00:00",64.27
1712,"2018-06-07 00:00:00",63.94
1713,"2018-06-08 00:00:00",69.35
1714,"2018-06-09 00:00:00",70.65
1715,"2018-06-10 00:00:00",69.81
1716,"2018-06-11 00:00:00",63.38
1717,"2018-06-12 00:00:00",64.13
1718,"2018-06-13 00:00:00",63.78
1719,"2018-06-14 00:00:00",63.95
1720,"2018-06-15 00:00:00",71.67
1721,"2018-06-16 00:00:00",66.23
1722,"2018-06-17 00:00:00",62.78
1723,"2018-06-18 00:00:00",64.03
1724,"2018-06-19 00:00:00",64.47
1725,"2018-06-20 00:00:00",64.55
1726,"2018-06-21 00:00:00",64.44
1727,"2018-06-22 00:00:00",66.23
1728,"2018-06-23 00:00:00",66.69
1729,"2018-06-24 00:00:00",66.31
1730,"2018-06-25 00:00:00",96.96
1731,"2018-06-26 00:00:00",85.86
1732,"2018-06-27 00:00:00",72.74
1733,"2018-06-28 00:00:00",80.72
1734,"2018-06-29 00:00:00",65.54
1735,"2018-06-30 00:00:00",67.02
1736,"2018-07-01 00:00:00",69.01
1737,"2018-07-02 00:00:00",65.32
1738,"2018-07-03 00:00:00",64.13
1739,"2018-07-04 00:00:00",73.23
1740,"2018-07-05 00:00:00",64.96
1741,"2018-07-06 00:00:00",67.87
1742,"2018-07-07 00:00:00",67.45
1743,"2018-07-08 00:00:00",68.72
1744,"2018-07-09 00:00:00",98
1745,"2018-07-10 00:00:00",98.24
1746,"2018-07-11 00:00:00",85.49
1747,"2018-07-12 00:00:00",68.57
1748,"2018-07-13 00:00:00",92.16
1749,"2018-07-14 00:00:00",64.65
1750,"2018-07-15 00:00:00",68.82
1751,"2018-07-16 00:00:00",68.07
1752,"2018-07-17 00:00:00",72.98
1753,"2018-07-18 00:00:00",85.38
1754,"2018-07-19 00:00:00",105.22
1755,"2018-07-20 00:00:00",71.01
1756,"2018-07-21 00:00:00",73.44
1757,"2018-07-22 00:00:00",67.36
1758,"2018-07-23 00:00:00",101.54
1759,"2018-07-24 00:00:00",70.29
1760,"2018-07-25 00:00:00",98.03
1761,"2018-07-26 00:00:00",69.33
1762,"2018-07-27 00:00:00",83.26
1763,"2018-07-28 00:00:00",69.1
1764,"2018-07-29 00:00:00",74.09
1765,"2018-07-30 00:00:00",76.51
1766,"2018-07-31 00:00:00",67.78
1767,"2018-08-01 00:00:00",85.56
1768,"2018-08-02 00:00:00",104.07
1769,"2018-08-03 00:00:00",78.84
1770,"2018-08-04 00:00:00",72.32
1771,"2018-08-05 00:00:00",67.46
1772,"2018-08-06 00:00:00",66.88
1773,"2018-08-07 00:00:00",66.39
1774,"2018-08-08 00:00:00",90.36
1775,"2018-08-09 00:00:00",105.22
1776,"2018-08-10 00:00:00",90.5
1777,"2018-08-11 00:00:00",102.14
1778,"2018-08-12 00:00:00",75.29
1779,"2018-08-13 00:00:00",120.13
1780,"2018-08-14 00:00:00",112.49
1781,"2018-08-15 00:00:00",86.5
1782,"2018-08-16 00:00:00",92.72
1783,"2018-08-17 00:00:00",97.53
1784,"2018-08-18 00:00:00",69.59
1785,"2018-08-19 00:00:00",70.56
1786,"2018-08-20 00:00:00",74.23
1787,"2018-08-21 00:00:00",82.39
1788,"2018-08-22 00:00:00",100.03
1789,"2018-08-23 00:00:00",124.14
1790,"2018-08-24 00:00:00",108.17
1791,"2018-08-25 00:00:00",87.98
1792,"2018-08-26 00:00:00",70.67
1793,"2018-08-27 00:00:00",70.94
1794,"2018-08-28 00:00:00",71.3
1795,"2018-08-29 00:00:00",77.82
1796,"2018-08-30 00:00:00",98.39
1797,"2018-08-31 00:00:00",132.47
1798,"2018-09-01 00:00:00",114.57
1799,"2018-09-02 00:00:00",72.61
1800,"2018-09-03 00:00:00",81.06
1801,"2018-09-04 00:00:00",111.7
1802,"2018-09-05 00:00:00",110.77
1803,"2018-09-06 00:00:00",93.24
1804,"2018-09-07 00:00:00",69.01
1805,"2018-09-08 00:00:00",66.67
1806,"2018-09-09 00:00:00",69.33
1807,"2018-09-10 00:00:00",72.61
1808,"2018-09-11 00:00:00",75.48
1809,"2018-09-12 00:00:00",89.49
1810,"2018-09-13 00:00:00",85.34
1811,"2018-09-14 00:00:00",78.97
1812,"2018-09-15 00:00:00",70.83
1813,"2018-09-16 00:00:00",72.19
1814,"2018-09-17 00:00:00",107.34
1815,"2018-09-18 00:00:00",89.87
1816,"2018-09-19 00:00:00",98.5
1817,"2018-09-20 00:00:00",84.04
1818,"2018-09-21 00:00:00",87.44
1819,"2018-09-22 00:00:00",85.59
1820,"2018-09-23 00:00:00",88.93
1821,"2018-09-24 00:00:00",103.31
1822,"2018-09-25 00:00:00",137.09
1823,"2018-09-26 00:00:00",135.8
1824,"2018-09-27 00:00:00",128.94
1825,"2018-09-28 00:00:00",140.02
1826,"2018-09-29 00:00:00",150.25
1827,"2018-09-30 00:00:00",127.66
1828,"2018-10-01 00:00:00",154.84
1829,"2018-10-02 00:00:00",167.05
1830,"2018-10-03 00:00:00",148.91
1831,"2018-10-04 00:00:00",125.21
1832,"2018-10-05 00:00:00",122.52
1833,"2018-10-06 00:00:00",99.22
1834,"2018-10-07 00:00:00",91.38
1835,"2018-10-08 00:00:00",100.3
1836,"2018-10-09 00:00:00",88.72
1837,"2018-10-10 00:00:00",68.62
1838,"2018-10-11 00:00:00",76.26
1839,"2018-10-12 00:00:00",75.41
1840,"2018-10-13 00:00:00",67.1
1841,"2018-10-14 00:00:00",65.16
1842,"2018-10-15 00:00:00",82.25
1843,"2018-10-16 00:00:00",107.25
1844,"2018-10-17 00:00:00",114.31
1845,"2018-10-18 00:00:00",130.42
1846,"2018-10-19 00:00:00",102.44
1847,"2018-10-20 00:00:00",78.7
1848,"2018-10-21 00:00:00",78.18
1849,"2018-10-22 00:00:00",105.65
1850,"2018-10-23 00:00:00",93.81
1851,"2018-10-24 00:00:00",124.49
1852,"2018-10-25 00:00:00",153.04
1853,"2018-10-26 00:00:00",119.53
1854,"2018-10-27 00:00:00",126.36
1855,"2018-10-28 00:00:00",135.78
1856,"2018-10-29 00:00:00",173.14
1857,"2018-10-30 00:00:00",152.02
1858,"2018-10-31 00:00:00",151.28
1859,"2018-11-01 00:00:00",153.69
1860,"2018-11-02 00:00:00",157.21
1861,"2018-11-03 00:00:00",129.75
1862,"2018-11-04 00:00:00",110.39
1863,"2018-11-05 00:00:00",107.66
1864,"2018-11-06 00:00:00",108.1
1865,"2018-11-07 00:00:00",91.67
1866,"2018-11-08 00:00:00",86.39
1867,"2018-11-09 00:00:00",93.54
1868,"2018-11-10 00:00:00",88.12
1869,"2018-11-11 00:00:00",80.02
1870,"2018-11-12 00:00:00",77.42
1871,"2018-11-13 00:00:00",86.1
1872,"2018-11-14 00:00:00",103.68
1873,"2018-11-15 00:00:00",82.61
1874,"2018-11-16 00:00:00",87.75
1875,"2018-11-17 00:00:00",92.23
1876,"2018-11-18 00:00:00",96.47
1877,"2018-11-19 00:00:00",95.31
1878,"2018-11-20 00:00:00",103.64
1879,"2018-11-21 00:00:00",88.16
1880,"2018-11-22 00:00:00",96.47
1881,"2018-11-23 00:00:00",94.21
1882,"2018-11-24 00:00:00",91.45
1883,"2018-11-25 00:00:00",93.21
1884,"2018-11-26 00:00:00",97.92
1885,"2018-11-27 00:00:00",90.03
1886,"2018-11-28 00:00:00",103.31
1887,"2018-11-29 00:00:00",99.3
1888,"2018-11-30 00:00:00",94.09
1889,"2018-12-01 00:00:00",84.55
1890,"2018-12-02 00:00:00",85.65
1891,"2018-12-03 00:00:00",91.61
1892,"2018-12-04 00:00:00",97.22
1893,"2018-12-05 00:00:00",88.7
1894,"2018-12-06 00:00:00",104.07
1895,"2018-12-07 00:00:00",111.73
1896,"2018-12-08 00:00:00",104.8
1897,"2018-12-09 00:00:00",132.72
1898,"2018-12-10 00:00:00",147.32
1899,"2018-12-11 00:00:00",175.25
1900,"2018-12-12 00:00:00",173.68
1901,"2018-12-13 00:00:00",186.93
1902,"2018-12-14 00:00:00",190.36
1903,"2018-12-15 00:00:00",194.19
1904,"2018-12-16 00:00:00",197.9
1905,"2018-12-17 00:00:00",196.2
1906,"2018-12-18 00:00:00",197.69
1907,"2018-12-19 00:00:00",205.7
1908,"2018-12-20 00:00:00",218.88
1909,"2018-12-21 00:00:00",220.19
1910,"2018-12-22 00:00:00",227.14
1911,"2018-12-23 00:00:00",233.08
1912,"2018-12-24 00:00:00",232.47
1913,"2018-12-25 00:00:00",155.27
1914,"2018-12-26 00:00:00",240.8
1915,"2018-12-27 00:00:00",265.14
1916,"2018-12-28 00:00:00",291.91
1917,"2018-12-29 00:00:00",297.15
1918,"2018-12-30 00:00:00",318.68
1919,"2018-12-31 00:00:00",334.72
1920,"2019-01-01 00:00:00",291.18
1921,"2019-01-02 00:00:00",335.7
1922,"2019-01-03 00:00:00",371.37
1923,"2019-01-04 00:00:00",375.61
1924,"2019-01-05 00:00:00",355.92
1925,"2019-01-06 00:00:00",313.92
1926,"2019-01-07 00:00:00",333.97
1927,"2019-01-08 00:00:00",352.59
1928,"2019-01-09 00:00:00",323.14
1929,"2019-01-10 00:00:00",330.38
1930,"2019-01-11 00:00:00",342.75
1931,"2019-01-12 00:00:00",292.15
1932,"2019-01-13 00:00:00",255.9
1933,"2019-01-14 00:00:00",268.18
1934,"2019-01-15 00:00:00",252.22
1935,"2019-01-16 00:00:00",220.61
1936,"2019-01-17 00:00:00",244.26
1937,"2019-01-18 00:00:00",218.15
1938,"2019-01-19 00:00:00",191.11
1939,"2019-01-20 00:00:00",169.15
1940,"2019-01-21 00:00:00",195.91
1941,"2019-01-22 00:00:00",217.48
1942,"2019-01-23 00:00:00",221.77
1943,"2019-01-24 00:00:00",290.88
1944,"2019-01-25 00:00:00",325.12
1945,"2019-01-26 00:00:00",286.17
1946,"2019-01-27 00:00:00",240.19
1947,"2019-01-28 00:00:00",306.09
1948,"2019-01-29 00:00:00",296.29
1949,"2019-01-30 00:00:00",298.31
1950,"2019-01-31 00:00:00",309.06
1951,"2019-02-01 00:00:00",310.23
1952,"2019-02-02 00:00:00",275.7
1953,"2019-02-03 00:00:00",279.15
1954,"2019-02-04 00:00:00",291.43
1955,"2019-02-05 00:00:00",304.79
1956,"2019-02-06 00:00:00",312.7
1957,"2019-02-07 00:00:00",272.69
1958,"2019-02-08 00:00:00",265.72
1959,"2019-02-09 00:00:00",276.42
1960,"2019-02-10 00:00:00",260.38
1961,"2019-02-11 00:00:00",247.456
1962,"2019-02-12 00:00:00",246.57
1963,"2019-02-13 00:00:00",248.07
1964,"2019-02-14 00:00:00",256.85
1965,"2019-02-15 00:00:00",326.37
1966,"2019-02-16 00:00:00",276.39
1967,"2019-02-17 00:00:00",257.36
1968,"2019-02-18 00:00:00",337.04
1969,"2019-02-19 00:00:00",374.32
1970,"2019-02-20 00:00:00",347.66
1971,"2019-02-21 00:00:00",348.13
1972,"2019-02-22 00:00:00",376.98
1973,"2019-02-23 00:00:00",378.2
1974,"2019-02-24 00:00:00",322.56
1975,"2019-02-25 00:00:00",364.58
1976,"2019-02-26 00:00:00",292.07
1977,"2019-02-27 00:00:00",338.36
1978,"2019-02-28 00:00:00",308.46
1979,"2019-03-01 00:00:00",317.2
1980,"2019-03-02 00:00:00",331.71
1981,"2019-03-03 00:00:00",294.29
1982,"2019-03-04 00:00:00",319.8
1983,"2019-03-05 00:00:00",315.57
1984,"2019-03-06 00:00:00",318.29
1985,"2019-03-07 00:00:00",305.33
1986,"2019-03-08 00:00:00",290.65
1987,"2019-03-09 00:00:00",289.39
1988,"2019-03-10 00:00:00",270.6
1989,"2019-03-11 00:00:00",276.02
1990,"2019-03-12 00:00:00",273.62
1991,"2019-03-13 00:00:00",253
1992,"2019-03-14 00:00:00",236.71
1993,"2019-03-15 00:00:00",230.01
1994,"2019-03-16 00:00:00",257.1
1995,"2019-03-17 00:00:00",212.43
1996,"2019-03-18 00:00:00",269.79
1997,"2019-03-19 00:00:00",282.6
1998,"2019-03-20 00:00:00",262.1
1999,"2019-03-21 00:00:00",261.75
2000,"2019-03-22 00:00:00",250.1
2001,"2019-03-23 00:00:00",202.18
2002,"2019-03-24 00:00:00",182.21
2003,"2019-03-25 00:00:00",210.09
2004,"2019-03-26 00:00:00",246.77
2005,"2019-03-27 00:00:00",243.13
2006,"2019-03-28 00:00:00",224.18
2007,"2019-03-29 00:00:00",221.3
2008,"2019-03-30 00:00:00",209.47
2009,"2019-03-31 00:00:00",202.61
2010,"2019-04-01 00:00:00",231.29
2011,"2019-04-02 00:00:00",249.61
2012,"2019-04-03 00:00:00",226.86
2013,"2019-04-04 00:00:00",224.16
2014,"2019-04-05 00:00:00",232.52
2015,"2019-04-06 00:00:00",211.45
2016,"2019-04-07 00:00:00",214.64
2017,"2019-04-08 00:00:00",208.1
2018,"2019-04-09 00:00:00",203.39
2019,"2019-04-10 00:00:00",236.52
2020,"2019-04-11 00:00:00",261.6
2021,"2019-04-12 00:00:00",233.06
2022,"2019-04-13 00:00:00",212.42
2023,"2019-04-14 00:00:00",195.18
2024,"2019-04-15 00:00:00",214.34
2025,"2019-04-16 00:00:00",208.32
2026,"2019-04-17 00:00:00",156.86
2027,"2019-04-18 00:00:00",164.7
2028,"2019-04-19 00:00:00",174.39
2029,"2019-04-20 00:00:00",117.99
2030,"2019-04-21 00:00:00",100.26
2031,"2019-04-22 00:00:00",168.69
2032,"2019-04-23 00:00:00",181.47
2033,"2019-04-24 00:00:00",132.74
2034,"2019-04-25 00:00:00",144.97
2035,"2019-04-26 00:00:00",106.68
2036,"2019-04-27 00:00:00",129.69
2037,"2019-04-28 00:00:00",119.71
2038,"2019-04-29 00:00:00",149.95
2039,"2019-04-30 00:00:00",151.02
2040,"2019-05-01 00:00:00",131.2
2041,"2019-05-02 00:00:00",182.25
2042,"2019-05-03 00:00:00",204.1
2043,"2019-05-04 00:00:00",215.13
2044,"2019-05-05 00:00:00",208.15
2045,"2019-05-06 00:00:00",251.25
2046,"2019-05-07 00:00:00",271.49
2047,"2019-05-08 00:00:00",278.22
2048,"2019-05-09 00:00:00",289.97
2049,"2019-05-10 00:00:00",232.81
2050,"2019-05-11 00:00:00",203.59
2051,"2019-05-12 00:00:00",179.84
2052,"2019-05-13 00:00:00",156.92
2053,"2019-05-14 00:00:00",148.81
2054,"2019-05-15 00:00:00",146.02
2055,"2019-05-16 00:00:00",157.82
2056,"2019-05-17 00:00:00",127.99
2057,"2019-05-18 00:00:00",128.16
2058,"2019-05-19 00:00:00",133.6
2059,"2019-05-20 00:00:00",145.44
2060,"2019-05-21 00:00:00",147.9
2061,"2019-05-22 00:00:00",140.76
2062,"2019-05-23 00:00:00",124.22
2063,"2019-05-24 00:00:00",112.16
2064,"2019-05-25 00:00:00",112.61
2065,"2019-05-26 00:00:00",105.24
2066,"2019-05-27 00:00:00",128.97
2067,"2019-05-28 00:00:00",132.7
2068,"2019-05-29 00:00:00",121.64
2069,"2019-05-30 00:00:00",132.25
2070,"2019-05-31 00:00:00",129.44
2071,"2019-06-01 00:00:00",125.76
2072,"2019-06-02 00:00:00",98.24
2073,"2019-06-03 00:00:00",105.22
2074,"2019-06-04 00:00:00",124.68
2075,"2019-06-05 00:00:00",150.93
2076,"2019-06-06 00:00:00",134.75
2077,"2019-06-07 00:00:00",118.82
2078,"2019-06-08 00:00:00",111.47
2079,"2019-06-09 00:00:00",101.91
2080,"2019-06-10 00:00:00",116.08
2081,"2019-06-11 00:00:00",120.52
2082,"2019-06-12 00:00:00",119.89
2083,"2019-06-13 00:00:00",88.31
2084,"2019-06-14 00:00:00",84.87
2085,"2019-06-15 00:00:00",85.46
2086,"2019-06-16 00:00:00",81.3
2087,"2019-06-17 00:00:00",96.84
2088,"2019-06-18 00:00:00",126.79
2089,"2019-06-19 00:00:00",136.87
2090,"2019-06-20 00:00:00",118.72
2091,"2019-06-21 00:00:00",129.3
2092,"2019-06-22 00:00:00",98.13
2093,"2019-06-23 00:00:00",96.05
2094,"2019-06-24 00:00:00",91.24
2095,"2019-06-25 00:00:00",104.47
2096,"2019-06-26 00:00:00",107.87
2097,"2019-06-27 00:00:00",124.76
2098,"2019-06-28 00:00:00",127.4
2099,"2019-06-29 00:00:00",126.6
2100,"2019-06-30 00:00:00",116.9
2101,"2019-07-01 00:00:00",116.57
2102,"2019-07-02 00:00:00",131.43
2103,"2019-07-03 00:00:00",147.81
2104,"2019-07-04 00:00:00",140.3
2105,"2019-07-05 00:00:00",124.89
2106,"2019-07-06 00:00:00",111.33
2107,"2019-07-07 00:00:00",103.46
2108,"2019-07-08 00:00:00",105.92
2109,"2019-07-09 00:00:00",102.42
2110,"2019-07-10 00:00:00",117.9
2111,"2019-07-11 00:00:00",110.98
2112,"2019-07-12 00:00:00",126.98
2113,"2019-07-13 00:00:00",121.04
2114,"2019-07-14 00:00:00",115.1
2115,"2019-07-15 00:00:00",125.53
2116,"2019-07-16 00:00:00",126.39
2117,"2019-07-17 00:00:00",109.4
2118,"2019-07-18 00:00:00",122.22
2119,"2019-07-19 00:00:00",112.67
2120,"2019-07-20 00:00:00",109.68
2121,"2019-07-21 00:00:00",121.15
2122,"2019-07-22 00:00:00",126.56
2123,"2019-07-23 00:00:00",114.58
2124,"2019-07-24 00:00:00",116.12
2125,"2019-07-25 00:00:00",121.04
2126,"2019-07-26 00:00:00",113.78
2127,"2019-07-27 00:00:00",111.06
2128,"2019-07-28 00:00:00",103.13
2129,"2019-07-29 00:00:00",112.06
2130,"2019-07-30 00:00:00",125.39
2131,"2019-07-31 00:00:00",123.83
2132,"2019-08-01 00:00:00",129.27
2133,"2019-08-02 00:00:00",132.4
2134,"2019-08-03 00:00:00",125.82
2135,"2019-08-04 00:00:00",116.57
2136,"2019-08-05 00:00:00",125.94
2137,"2019-08-06 00:00:00",150.11
2138,"2019-08-07 00:00:00",148.91
2139,"2019-08-08 00:00:00",109.98
2140,"2019-08-09 00:00:00",144.69
2141,"2019-08-10 00:00:00",135.01
2142,"2019-08-11 00:00:00",129.45
2143,"2019-08-12 00:00:00",150.07
2144,"2019-08-13 00:00:00",190.05
2145,"2019-08-14 00:00:00",178.53
2146,"2019-08-15 00:00:00",161.25
2147,"2019-08-16 00:00:00",142.69
2148,"2019-08-17 00:00:00",130.52
2149,"2019-08-18 00:00:00",119.04
2150,"2019-08-19 00:00:00",120.36
2151,"2019-08-20 00:00:00",106.54
2152,"2019-08-21 00:00:00",103.66
2153,"2019-08-22 00:00:00",112.43
2154,"2019-08-23 00:00:00",130.32
2155,"2019-08-24 00:00:00",101.25
2156,"2019-08-25 00:00:00",113.61
2157,"2019-08-26 00:00:00",160.87
2158,"2019-08-27 00:00:00",191.38
2159,"2019-08-28 00:00:00",190.17
2160,"2019-08-29 00:00:00",190.17
2161,"2019-08-30 00:00:00",188.07
2162,"2019-08-31 00:00:00",189.64
2163,"2019-09-01 00:00:00",176.9
2164,"2019-09-02 00:00:00",203.75
2165,"2019-09-03 00:00:00",198.53
2166,"2019-09-04 00:00:00",216.11
2167,"2019-09-05 00:00:00",201.02
2168,"2019-09-06 00:00:00",176.64
2169,"2019-09-07 00:00:00",188.11
2170,"2019-09-08 00:00:00",180.78
2171,"2019-09-09 00:00:00",210.75
2172,"2019-09-10 00:00:00",263.97
2173,"2019-09-11 00:00:00",228.09
2174,"2019-09-12 00:00:00",256.51
2175,"2019-09-13 00:00:00",302.8
2176,"2019-09-14 00:00:00",270.7
2177,"2019-09-15 00:00:00",288.99
2178,"2019-09-16 00:00:00",337.75
2179,"2019-09-17 00:00:00",360.35
2180,"2019-09-18 00:00:00",356.75
2181,"2019-09-19 00:00:00",353.3
2182,"2019-09-20 00:00:00",339.04
2183,"2019-09-21 00:00:00",294.02
2184,"2019-09-22 00:00:00",297.88
2185,"2019-09-23 00:00:00",348.84
2186,"2019-09-24 00:00:00",373.95
2187,"2019-09-25 00:00:00",370.49
2188,"2019-09-26 00:00:00",318.19
2189,"2019-09-27 00:00:00",319.88
2190,"2019-09-28 00:00:00",332.8
2191,"2019-09-29 00:00:00",334.56
2192,"2019-09-30 00:00:00",414.57
2193,"2019-10-01 00:00:00",405.25
2194,"2019-10-02 00:00:00",415.3
2195,"2019-10-03 00:00:00",394.55
2196,"2019-10-04 00:00:00",360.87
2197,"2019-10-05 00:00:00",386.38
2198,"2019-10-06 00:00:00",368.92
2199,"2019-10-07 00:00:00",349.98
2200,"2019-10-08 00:00:00",385.81
2201,"2019-10-09 00:00:00",410.92
2202,"2019-10-10 00:00:00",384.25
2203,"2019-10-11 00:00:00",396.99
2204,"2019-10-12 00:00:00",372.35
2205,"2019-10-13 00:00:00",348.67
2206,"2019-10-14 00:00:00",407.38
2207,"2019-10-15 00:00:00",386.93
2208,"2019-10-16 00:00:00",399.62
2209,"2019-10-17 00:00:00",368.64
2210,"2019-10-18 00:00:00",389.71
2211,"2019-10-19 00:00:00",323.07
2212,"2019-10-20 00:00:00",285.49
2213,"2019-10-21 00:00:00",331.77
2214,"2019-10-22 00:00:00",252.64
2215,"2019-10-23 00:00:00",225.55
2216,"2019-10-24 00:00:00",227.91
2217,"2019-10-25 00:00:00",206.52
2218,"2019-10-26 00:00:00",182.52
2219,"2019-10-27 00:00:00",168.37
2220,"2019-10-28 00:00:00",164.3
2221,"2019-10-29 00:00:00",180.33
2222,"2019-10-30 00:00:00",181.49
2223,"2019-10-31 00:00:00",177.54
2224,"2019-11-01 00:00:00",189.95
2225,"2019-11-02 00:00:00",173.3
2226,"2019-11-03 00:00:00",185.12
2227,"2019-11-04 00:00:00",198.67
2228,"2019-11-05 00:00:00",198.08
2229,"2019-11-06 00:00:00",252.47
2230,"2019-11-07 00:00:00",253.33
2231,"2019-11-08 00:00:00",269.29
2232,"2019-11-09 00:00:00",261.41
2233,"2019-11-10 00:00:00",285.26
2234,"2019-11-11 00:00:00",289.22
2235,"2019-11-12 00:00:00",301.45
2236,"2019-11-13 00:00:00",232.99
2237,"2019-11-14 00:00:00",251.32
2238,"2019-11-15 00:00:00",182.69
2239,"2019-11-16 00:00:00",155.21
2240,"2019-11-17 00:00:00",165.61
2241,"2019-11-18 00:00:00",190.81
2242,"2019-11-19 00:00:00",222.67
2243,"2019-11-20 00:00:00",226.81
2244,"2019-11-21 00:00:00",219.67
2245,"2019-11-22 00:00:00",244.2
2246,"2019-11-23 00:00:00",231.36
2247,"2019-11-24 00:00:00",199.39
2248,"2019-11-25 00:00:00",228.79
2249,"2019-11-26 00:00:00",206.68
2250,"2019-11-27 00:00:00",243.68
2251,"2019-11-28 00:00:00",248.11
2252,"2019-11-29 00:00:00",266.81
2253,"2019-11-30 00:00:00",244.38
2254,"2019-12-01 00:00:00",219.41
2255,"2019-12-02 00:00:00",272.44
2256,"2019-12-03 00:00:00",272.28
2257,"2019-12-04 00:00:00",269.84
2258,"2019-12-05 00:00:00",227.3
2259,"2019-12-06 00:00:00",258.58
2260,"2019-12-07 00:00:00",259.14
2261,"2019-12-08 00:00:00",267.59
2262,"2019-12-09 00:00:00",307.35
2263,"2019-12-10 00:00:00",333.8
2264,"2019-12-11 00:00:00",359.55
2265,"2019-12-12 00:00:00",364.41
2266,"2019-12-13 00:00:00",383.85
2267,"2019-12-14 00:00:00",374
2268,"2019-12-15 00:00:00",335.99
2269,"2019-12-16 00:00:00",355.84
2270,"2019-12-17 00:00:00",323.02
2271,"2019-12-18 00:00:00",315.01
2272,"2019-12-19 00:00:00",367.87
2273,"2019-12-20 00:00:00",324.16
2274,"2019-12-21 00:00:00",338.13
2275,"2019-12-22 00:00:00",339.18
2276,"2019-12-23 00:00:00",352.03
2277,"2019-12-24 00:00:00",311.62
2278,"2019-12-25 00:00:00",276.56
2279,"2019-12-26 00:00:00",329.18
2280,"2019-12-27 00:00:00",331.76
2281,"2019-12-28 00:00:00",280.25
2282,"2019-12-29 00:00:00",247.25
2283,"2019-12-30 00:00:00",324.34
2284,"2019-12-31 00:00:00",275.82
2285,"2020-01-01 00:00:00",129.39
2286,"2020-01-02 00:00:00",252.91
2287,"2020-01-03 00:00:00",221.64
2288,"2020-01-04 00:00:00",207.86
2289,"2020-01-05 00:00:00",222.7
2290,"2020-01-06 00:00:00",204.54
2291,"2020-01-07 00:00:00",256.62
2292,"2020-01-08 00:00:00",259.37
2293,"2020-01-09 00:00:00",289.62
2294,"2020-01-10 00:00:00",287.87
2295,"2020-01-11 00:00:00",288.53
2296,"2020-01-12 00:00:00",303.35
2297,"2020-01-13 00:00:00",352.83
2298,"2020-01-14 00:00:00",317.64
2299,"2020-01-15 00:00:00",346.66
2300,"2020-01-16 00:00:00",372.75
2301,"2020-01-17 00:00:00",354.54
2302,"2020-01-18 00:00:00",352.04
2303,"2020-01-19 00:00:00",321.48
2304,"2020-01-20 00:00:00",399.65
2305,"2020-01-21 00:00:00",407.28
2306,"2020-01-22 00:00:00",376
2307,"2020-01-23 00:00:00",363.7
2308,"2020-01-24 00:00:00",386.33
2309,"2020-01-25 00:00:00",382.42
2310,"2020-01-26 00:00:00",365.34
2311,"2020-01-27 00:00:00",373.13
2312,"2020-01-28 00:00:00",364.93
2313,"2020-01-29 00:00:00",368.75
2314,"2020-01-30 00:00:00",367.53
2315,"2020-01-31 00:00:00",372.21
2316,"2020-02-01 00:00:00",404.96
2317,"2020-02-02 00:00:00",371.46
2318,"2020-02-03 00:00:00",405.77
2319,"2020-02-04 00:00:00",406.23
2320,"2020-02-05 00:00:00",403.92
2321,"2020-02-06 00:00:00",391.82
2322,"2020-02-07 00:00:00",388.94
2323,"2020-02-08 00:00:00",385.35
2324,"2020-02-09 00:00:00",364.24
2325,"2020-02-10 00:00:00",360.92
2326,"2020-02-11 00:00:00",398.4
2327,"2020-02-12 00:00:00",381.27
2328,"2020-02-13 00:00:00",396.5
2329,"2020-02-14 00:00:00",436
2330,"2020-02-15 00:00:00",471.3
2331,"2020-02-16 00:00:00",471.98
2332,"2020-02-17 00:00:00",500.17
2333,"2020-02-18 00:00:00",494
2334,"2020-02-19 00:00:00",536.04
2335,"2020-02-20 00:00:00",559.29
2336,"2020-02-21 00:00:00",598.88
2337,"2020-02-22 00:00:00",573.21
2338,"2020-02-23 00:00:00",462.74
2339,"2020-02-24 00:00:00",487.6
2340,"2020-02-25 00:00:00",441.18
2341,"2020-02-26 00:00:00",388.56
2342,"2020-02-27 00:00:00",303.1
2343,"2020-02-28 00:00:00",325.63
2344,"2020-02-29 00:00:00",278.97
2345,"2020-03-01 00:00:00",308.47
2346,"2020-03-02 00:00:00",384.07
2347,"2020-03-03 00:00:00",453.08
2348,"2020-03-04 00:00:00",448.91
2349,"2020-03-05 00:00:00",431.25
2350,"2020-03-06 00:00:00",400.99
2351,"2020-03-07 00:00:00",344.7
2352,"2020-03-08 00:00:00",339.14
2353,"2020-03-09 00:00:00",335.09
2354,"2020-03-10 00:00:00",338.76
2355,"2020-03-11 00:00:00",332.97
2356,"2020-03-12 00:00:00",323.65
2357,"2020-03-13 00:00:00",297.97
2358,"2020-03-14 00:00:00",284.2
2359,"2020-03-15 00:00:00",266.16
2360,"2020-03-16 00:00:00",302.85
2361,"2020-03-17 00:00:00",325.17
2362,"2020-03-18 00:00:00",345.68
2363,"2020-03-19 00:00:00",355
2364,"2020-03-20 00:00:00",354.71
2365,"2020-03-21 00:00:00",335.22
2366,"2020-03-22 00:00:00",332.66
2367,"2020-03-23 00:00:00",333.77
2368,"2020-03-24 00:00:00",346.2
2369,"2020-03-25 00:00:00",323.63
2370,"2020-03-26 00:00:00",305.84
2371,"2020-03-27 00:00:00",256.63
2372,"2020-03-28 00:00:00",216.66
2373,"2020-03-29 00:00:00",226.14
2374,"2020-03-30 00:00:00",211.63
2375,"2020-03-31 00:00:00",187.07
2376,"2020-04-01 00:00:00",186.03
2377,"2020-04-02 00:00:00",167.96
2378,"2020-04-03 00:00:00",152.87
2379,"2020-04-04 00:00:00",186.99
2380,"2020-04-05 00:00:00",237.64
2381,"2020-04-06 00:00:00",251.01
2382,"2020-04-07 00:00:00",238.8
2383,"2020-04-08 00:00:00",245.29
2384,"2020-04-09 00:00:00",215.55
2385,"2020-04-10 00:00:00",203.09
2386,"2020-04-11 00:00:00",228.68
2387,"2020-04-12 00:00:00",242.09
2388,"2020-04-13 00:00:00",219.02
2389,"2020-04-14 00:00:00",223.19
2390,"2020-04-15 00:00:00",223.91
2391,"2020-04-16 00:00:00",233.96
2392,"2020-04-17 00:00:00",245.93
2393,"2020-04-18 00:00:00",251.99
2394,"2020-04-19 00:00:00",197.69
2395,"2020-04-20 00:00:00",243.41
2396,"2020-04-21 00:00:00",246.23
2397,"2020-04-22 00:00:00",243.13
2398,"2020-04-23 00:00:00",218.6
2399,"2020-04-24 00:00:00",219.46
2400,"2020-04-25 00:00:00",187.57
2401,"2020-04-26 00:00:00",224.26
2402,"2020-04-27 00:00:00",311.65
2403,"2020-04-28 00:00:00",351.48
2404,"2020-04-29 00:00:00",335.59
2405,"2020-04-30 00:00:00",321.24
2406,"2020-05-01 00:00:00",276.91
2407,"2020-05-02 00:00:00",309.34
2408,"2020-05-03 00:00:00",291.9
2409,"2020-05-04 00:00:00",302.08
2410,"2020-05-05 00:00:00",283.7
2411,"2020-05-06 00:00:00",264.44
2412,"2020-05-07 00:00:00",294.45
2413,"2020-05-08 00:00:00",318.76
2414,"2020-05-09 00:00:00",250.52
2415,"2020-05-10 00:00:00",298.48
2416,"2020-05-11 00:00:00",323.28
2417,"2020-05-12 00:00:00",323.8
2418,"2020-05-13 00:00:00",324.76
2419,"2020-05-14 00:00:00",398.83
2420,"2020-05-15 00:00:00",438.06
2421,"2020-05-16 00:00:00",455.01
2422,"2020-05-17 00:00:00",432.12
2423,"2020-05-18 00:00:00",451.86
2424,"2020-05-19 00:00:00",391.96
2425,"2020-05-20 00:00:00",355.85
2426,"2020-05-21 00:00:00",356.5
2427,"2020-05-22 00:00:00",274.86
2428,"2020-05-23 00:00:00",305.88
2429,"2020-05-24 00:00:00",335.53
2430,"2020-05-25 00:00:00",469.98
2431,"2020-05-26 00:00:00",457.4
2432,"2020-05-27 00:00:00",445.23
2433,"2020-05-28 00:00:00",440.65
2434,"2020-05-29 00:00:00",410.97
2435,"2020-05-30 00:00:00",417.81
2436,"2020-05-31 00:00:00",308.74
2437,"2020-06-01 00:00:00",351.85
2438,"2020-06-02 00:00:00",366.54
2439,"2020-06-03 00:00:00",330.55
2440,"2020-06-04 00:00:00",334.07
2441,"2020-06-05 00:00:00",360.24
2442,"2020-06-06 00:00:00",363.64
2443,"2020-06-07 00:00:00",350.16
2444,"2020-06-08 00:00:00",394.5
2445,"2020-06-09 00:00:00",409.53
2446,"2020-06-10 00:00:00",404.46
2447,"2020-06-11 00:00:00",389.14
2448,"2020-06-12 00:00:00",378.14
2449,"2020-06-13 00:00:00",343.19
2450,"2020-06-14 00:00:00",294.78
2451,"2020-06-15 00:00:00",267.33
2452,"2020-06-16 00:00:00",264.69
2453,"2020-06-17 00:00:00",293.28
2454,"2020-06-18 00:00:00",253.38
2455,"2020-06-19 00:00:00",242.91
2456,"2020-06-20 00:00:00",227.13
2457,"2020-06-21 00:00:00",222.5
2458,"2020-06-22 00:00:00",208.93
2459,"2020-06-23 00:00:00",222.56
2460,"2020-06-24 00:00:00",215.59
2461,"2020-06-25 00:00:00",238.15
2462,"2020-06-26 00:00:00",240.28
2463,"2020-06-27 00:00:00",229.28
2464,"2020-06-28 00:00:00",205.51
2465,"2020-06-29 00:00:00",212.25
2466,"2020-06-30 00:00:00",209.26
2467,"2020-07-01 00:00:00",229.47
2468,"2020-07-02 00:00:00",199.33
2469,"2020-07-03 00:00:00",190.42
2470,"2020-07-04 00:00:00",168.72
2471,"2020-07-05 00:00:00",154.02
2472,"2020-07-06 00:00:00",136.73
2473,"2020-07-07 00:00:00",139.97
2474,"2020-07-08 00:00:00",137.3
2475,"2020-07-09 00:00:00",126.37
2476,"2020-07-10 00:00:00",138.51
2477,"2020-07-11 00:00:00",122.68
2478,"2020-07-12 00:00:00",105.02
2479,"2020-07-13 00:00:00",133.31
2480,"2020-07-14 00:00:00",128.86
2481,"2020-07-15 00:00:00",140.92
2482,"2020-07-16 00:00:00",138.04
2483,"2020-07-17 00:00:00",133.84
2484,"2020-07-18 00:00:00",123.63
2485,"2020-07-19 00:00:00",119.99
2486,"2020-07-20 00:00:00",145.45
2487,"2020-07-21 00:00:00",152.59
2488,"2020-07-22 00:00:00",157.29
2489,"2020-07-23 00:00:00",163.34
2490,"2020-07-24 00:00:00",167.58
2491,"2020-07-25 00:00:00",172.36
2492,"2020-07-26 00:00:00",167.32
2493,"2020-07-27 00:00:00",146.17
2494,"2020-07-28 00:00:00",139.03
2495,"2020-07-29 00:00:00",135.11
2496,"2020-07-30 00:00:00",124.54
2497,"2020-07-31 00:00:00",107.56
2498,"2020-08-01 00:00:00",121.13
2499,"2020-08-02 00:00:00",122.33
2500,"2020-08-03 00:00:00",138.76
2501,"2020-08-04 00:00:00",142.9
2502,"2020-08-05 00:00:00",133.95
2503,"2020-08-06 00:00:00",149.23
2504,"2020-08-07 00:00:00",162.68
2505,"2020-08-08 00:00:00",181.07
2506,"2020-08-09 00:00:00",190.79
2507,"2020-08-10 00:00:00",189.74
2508,"2020-08-11 00:00:00",191.56
2509,"2020-08-12 00:00:00",177.49
2510,"2020-08-13 00:00:00",170.29
2511,"2020-08-14 00:00:00",161.3
2512,"2020-08-15 00:00:00",144.72
2513,"2020-08-16 00:00:00",140
2514,"2020-08-17 00:00:00",161.52
2515,"2020-08-18 00:00:00",156.67
2516,"2020-08-19 00:00:00",141.3
2517,"2020-08-20 00:00:00",141.68
2518,"2020-08-21 00:00:00",136.27
2519,"2020-08-22 00:00:00",139.87
2520,"2020-08-23 00:00:00",139.65
2521,"2020-08-24 00:00:00",136.72
2522,"2020-08-25 00:00:00",136.7
2523,"2020-08-26 00:00:00",127.64
2524,"2020-08-27 00:00:00",137.04
2525,"2020-08-28 00:00:00",142.99
2526,"2020-08-29 00:00:00",147.14
2527,"2020-08-30 00:00:00",141.32
2528,"2020-08-31 00:00:00",126.01
2529,"2020-09-01 00:00:00",154.58
2530,"2020-09-02 00:00:00",162.71
2531,"2020-09-03 00:00:00",162.22
2532,"2020-09-04 00:00:00",156.78
2533,"2020-09-05 00:00:00",159.39
2534,"2020-09-06 00:00:00",153.09
2535,"2020-09-07 00:00:00",155.75
2536,"2020-09-08 00:00:00",155.4
2537,"2020-09-09 00:00:00",135.54
2538,"2020-09-10 00:00:00",137.87
2539,"2020-09-11 00:00:00",140.24
2540,"2020-09-12 00:00:00",145.35
2541,"2020-09-13 00:00:00",132.53
2542,"2020-09-14 00:00:00",131.31
2543,"2020-09-15 00:00:00",152.06
2544,"2020-09-16 00:00:00",150.39
2545,"2020-09-17 00:00:00",129.1
2546,"2020-09-18 00:00:00",153.84
2547,"2020-09-19 00:00:00",150.35
2548,"2020-09-20 00:00:00",127.82
2549,"2020-09-21 00:00:00",143.38
2550,"2020-09-22 00:00:00",156.83
2551,"2020-09-23 00:00:00",136.5
2552,"2020-09-24 00:00:00",133.2
2553,"2020-09-25 00:00:00",124.78
2554,"2020-09-26 00:00:00",141.1
2555,"2020-09-27 00:00:00",114.4
2556,"2020-09-28 00:00:00",115.52
2557,"2020-09-29 00:00:00",113.26
2558,"2020-09-30 00:00:00",130.14
2559,"2020-10-08 19:52:34",132.8
2563,"2020-10-09 14:05:16",152.24
2564,"2020-10-11 14:05:45",143.51
2565,"2020-10-12 14:05:20",170.98
2566,"2020-10-13 14:05:40",155.74
2567,"2020-10-17 14:05:18",185.23
2568,"2020-10-18 14:05:24",180.16
2569,"2020-10-20 14:05:22",185.95
2570,"2020-10-21 14:05:16",172.67
2571,"2020-10-23 14:05:16",252.08
2572,"2020-10-25 14:05:21",316.85
2573,"2020-10-26 14:05:15",269.26
2574,"2020-10-27 14:05:20",198.07
2575,"2020-10-28 14:05:23",236.61
2576,"2020-10-31 14:05:20",211.85
2577,"2020-11-02 14:05:24",180.87
2578,"2020-11-05 14:05:30",213.53
2579,"2020-11-07 14:05:19",197.16
2580,"2020-11-10 14:05:45",204.82
2581,"2020-11-11 14:06:53",210.66
2582,"2020-11-12 14:05:26",215.92
2583,"2020-11-13 14:05:18",217.52
2584,"2020-11-15 14:05:17",185.26
2585,"2020-11-17 14:05:23",112.8
2586,"2020-11-18 14:05:15",111.44
2587,"2020-11-19 14:05:25",136.63
2588,"2020-11-22 14:05:34",148.58
2589,"2020-11-23 14:05:24",156.29
2590,"2020-11-24 14:05:20",123.63
2591,"2020-11-25 14:05:47",204.5
2592,"2020-11-26 14:05:15",271.31
2593,"2020-11-28 14:05:25",200.04
2594,"2020-11-29 14:05:41",186.07
2595,"2020-11-30 14:05:15",152.51
2596,"2020-12-02 14:06:24",132.92
2597,"2020-12-06 14:06:37",113.82
2598,"2020-12-08 14:05:32",119.35
2599,"2020-12-09 14:05:24",133.49
2600,"2020-12-10 14:05:18",122.22
2601,"2020-12-11 14:05:16",130.52
2602,"2020-12-14 14:05:20",146.38
2603,"2020-12-15 14:05:25",146.38
2604,"2020-12-20 14:05:22",203.2
2605,"2020-12-21 14:05:16",208.51
2606,"2020-12-23 14:05:45",221.63
2607,"2020-12-25 14:05:22",205.41
2608,"2020-12-26 14:05:22",208.68
2609,"2020-12-27 14:05:23",180.48
2610,"2020-12-28 14:05:30",162.66
2611,"2020-12-30 14:05:21",168.3
2612,"2021-01-01 14:05:22",168.92
2613,"2021-01-02 14:05:21",144.02
2614,"2021-01-04 14:05:33",122.22
